"Parent","Child"
"Alexandria","Alla"
"Antoinette","Antonia"
"Bartholomew","Bart"
"Carthaette","Etta"
"Christiana","Christine"
"Christopher","Chris"
"Clementine","Clem"
"Deliverance","Della"
"Democrates","Mock"
"Euphrosina","Fenee"
"Maximillian","Max"
"Melchizedek","Dick"
"Montgomery","Gum"
"Philadelphia","Delphia"
"Adelbert","Albert"
"Adelphia","Adele"
"Alderick","Al"
"Alexander","Alec"
"Alphinias","Alphus"
"Anastasia","Ana"
"Anderson","Ander"
"Antoinette","Net"
"Aphrodite","Dite"
"Arabella","Ara"
"Augustus","Augustine"
"Avarilla","Rilla"
"Bartholomew","Bartel"
"Bazaleel","Basil"
"Beatrice","Bea"
"Benedict","Bennett"
"Benjamin","Ben"
"Bradford","Brad"
"Campbell","Cam"
"Carmellia","Mellia"
"Charlotte","Car"
"Christian","Chris"
"Christiana","Chris"
"Christopher","Christian"
"Clarence","Clair"
"Clarissa","Clarinda"
"Clifford","Cliff"
"Columbus","Lum"
"Cornelius","Neil"
"Courtney","Court"
"Cyrenius","Cene"
"Demerias","Demaris"
"Drusilla","Silla"
"Ebenezer","Eb"
"Elbertson","Elbert"
"Eliphalet","Left"
"Elizabeth","Bess"
"Ernestine","Erna"
"Euphrosina","Fena"
"Eustacia","Stacia"
"Felicity","Flick"
"Florence","Flo"
"Frederica","Fredricka"
"Frederick","Fred"
"Fredonia","Donia"
"Gabrielle","Ella"
"Gabrilla","Rilla"
"Geraldine","Dina"
"Gerhardt","Gay"
"Greenberry","Green"
"Gretchen","Margaret"
"Griselda","Grissel"
"Gwendolyn","Gwen"
"Hamilton","Ham"
"Henrietta","Etta"
"Hermione","Hermoine"
"Hezekiah","Hez"
"Isabella","Isabelle"
"Jedediah","Diah"
"Jefferson","Jeff"
"Jennifer","Winifred"
"Jonathan","John"
"Josephine","Josepha"
"Karonhappuck","Karen"
"Katherine","Katarina"
"Lafayette","Fate"
"Laurinda","Lorinda"
"Lecurgus","Curg"
"Leonidas","Leon"
"Littleberry","Lb"
"Madeline","Lena"
"Magdelina","Lena"
"Margarita","Rita"
"Marianna","Marian"
"Maryanne","Marianne"
"Melchizedek","Zadock"
"Mindwell","Mina"
"Mitchell","Michael"
"Mortimer","Mort"
"Nadezhda","Nadia"
"Napoleon","Leon"
"Nathaniel","Jonathan"
"Nicholas","Nick"
"Nicolena","Nicole"
"Patience","Pat"
"Patricia","Pat"
"Percival","Perce"
"Philadelphia","Delpha"
"Philetus","Leet"
"Philinda","Linda"
"Philipina","Phoebe"
"Philomena","Mena"
"Pleasant","Ples"
"Prescott","Pres"
"Priscilla","Cil"
"Randolph","Dolph"
"Reginald","Reg"
"Rhodella","Rhoda"
"Rosabella","Rosable"
"Rudolphus","Adoph"
"Sigismund","Sigmund"
"Sophronia","Frona"
"Sylvester","Si"
"Theodosia","Dosia"
"Thomasine","Thomasa"
"Valentina","Val"
"Zachariah","Zach"
"Abigail","Ab"
"Abijah","Ab"
"Abraham","Abe"
"Absalom","Ab"
"Adaline","Ada"
"Adelaide","Adela"
"Adelbert","Del"
"Aileen","Helen"
"Alanson","Al"
"Albert","Al"
"Alberta","Abertina"
"Alderick","Rich"
"Alexander","Alex"
"Alexandria","Elic"
"Alfred","Al"
"Almira","Myra"
"Alonzo","Al"
"Alphinias","Aphinius"
"Althea","Thea"
"Amanda","Armanda"
"Andrea","Andria"
"Angela","Angelica"
"Anselm","Anse"
"Aphrodite","Ditus"
"Aquilla","Quil"
"Arabella","Bella"
"Arlene","Lena"
"Arthur","Art"
"Asenath","Assene"
"Aubrey","Bree"
"Audrey","Dee"
"Augusta","Augustina"
"Augustus","Gus"
"Aurelia","Aurilla"
"Aurilla","Ora"
"Azariah","Aze"
"Azubah","Zubiah"
"Barbara","Babs"
"Barnabas","Barnard"
"Bartholomew","Barth"
"Beatrice","Trisha"
"Bedelia","Delia"
"Belinda","Bell"
"Benedict","Ben"
"Bertram","Bert"
"Blanche","Bea"
"Boetius","Bo"
"Bradford","Ford"
"Caldonia","Dona"
"Calvin","Cal"
"Cameron","Cam"
"Caroline","Carol"
"Caswell","Cass"
"Cecilia","Celia"
"Cedrick","Ced"
"Celeste","Celia"
"Celinda","Linda"
"Charity","Chat"
"Charles","Buck"
"Charlotte","Carlotta"
"Chauncy","Chan"
"Christian","Christopher"
"Christopher","Kester"
"Clarence","Clare"
"Clarissa","Clarice"
"Cleatus","Cleat"
"Clement","Clem"
"Clifford","Ford"
"Clifton","Cliff"
"Columbus","Clum"
"Conrad","Con"
"Cordelia","Delia"
"Corinne","Cora"
"Courtney","Curt"
"Curtis","Curt"
"Cyrenius","Cy"
"Dalton","Dahl"
"Daniel","Dan"
"Danielle","Danelle"
"Daphne","Daph"
"Darlene","Lena"
"Deborah","Deb"
"Deidre","DeeDee"
"Delbert","Bert"
"Delilah","Dell"
"Delores","Dee"
"Demerias","Maris"
"Denise","Denys"
"Derrick","Eric"
"Dominic","Dom"
"Donald","Don"
"Dorothy","Dee"
"Douglas","Doug"
"Duncan","Dunk"
"Earnest","Ernest"
"Ebenezer","Eben"
"Edmund","Ed"
"Edward","Ed"
"Egbert","Bert"
"Elaine","Helen"
"Elbertson","Bert"
"Eleanor","Elaine"
"Eleazer","Lazar"
"Electra","Electa"
"Eliphalet","Eliphal"
"Elmira","Mira"
"Elwood","Ells"
"Emeline","Emmer"
"Enedina","Nina"
"Ephraim","Eph"
"Ernestine","Tina"
"Eudora","Dora"
"Eugene","Gene"
"Eugenia","Euy"
"Evaline","Eva"
"Evelyn","Ev"
"Ezekiel","Ez"
"Felicity","Tick"
"Fidelia","Phidelia"
"Florence","Flora"
"Frances","Fan"
"Francis","Frank"
"Frederica","Freda"
"Frederick","Fredric"
"Fredonia","Donna"
"Gabriel","Gabe"
"George","Jorge"
"Georgia","Georgiana"
"Gilbert","Bert"
"Gregory","Greg"
"Hamilton","Hamp"
"Hannah","Anna"
"Harold","Hal"
"Helena","Helen"
"Henrietta","Hank"
"Hepsabah","Hepsibah"
"Herbert","Bert"
"Herman","Harman"
"Hester","Esther"
"Hezekiah","Ky"
"Hopkins","Hop"
"Horace","Horatio"
"Howard","Hal"
"Hubert","Hugh"
"Ignatius","Nace"
"Isabella","Bella"
"Isidora","Dora"
"Jacqueline","Jacque"
"Jasper","Casper"
"Jedediah","Dyer"
"Jehiel","Hiel"
"Jemima","Jemma"
"Jerita","Rita"
"Jessica","Jess"
"Joanna","Jane"
"Joseph","Joe"
"Joshua","Josh"
"Josiah","Jos"
"Juanita","Nita"
"Judson","Jud"
"Julias","Julius"
"Junior","Jr"
"Justin","Justus"
"Karonhappuck","Karon"
"Katherine","Kathleen"
"Kendra","Kenj"
"Kenneth","Ken"
"Lafayette","Left"
"Laodicia","Cenia"
"Laurinda","Laura"
"Laverne","Verna"
"Lawrence","Lars"
"Lemuel","Lem"
"Leonard","Leo"
"Leonora","Loenore"
"Leslie","Les"
"Lester","Les"
"Libuse","Liba"
"Lillian","Lil"
"Lincoln","Link"
"Lionel","Leon"
"Littleberry","Little"
"Lorenzo","Loren"
"Loretta","Etta"
"Loretta","Retta"
"Lorraine","Rana"
"Lousie","Eloise"
"Luciana","Lucia"
"Lucias","Lucas"
"Lucille","Ceall"
"Lucretia","Crese"
"Luella","Ella"
"Lurana","Lura"
"Luthor","Luke"
"Lyndon","Lynn"
"Magdelina","Madge"
"Malcolm","Mac"
"Manerva","Minerva"
"Manoah","Noah"
"Manuel","Emanuel"
"Marcus","Mark"
"Margaret","Greta"
"Margarita","Margauerite"
"Marianna","Ann"
"Martha","Mart"
"Marvin","Marv"
"Maryanne","Maryanna"
"Matilda","Mat"
"Matthew","Matt"
"Maxine","Max"
"Mehitabel","Mabel"
"Melinda","Linda"
"Melissa","Lisa"
"Melvina","Vina"
"Merlin","Merlyn"
"Mervyn","Merv"
"Micajah","Cager"
"Mildred","Mell"
"Minerva","Mina"
"Mitchell","Mitch"
"Montgomery","Montesque"
"Muriel","Mur"
"Myrtle","Mert"
"Nadine","DeeDee"
"Napoleon","Nap"
"Nathaniel","Nat"
"Nelson","Nels"
"Newton","Newt"
"Norbert","Bert"
"Obadiah","Diah"
"Obedience","Obed"
"Oberon","Obe"
"Octavia","Tave"
"Olivia","Livia"
"Orlando","Roland"
"Ophelia","Phelia"
"Othello","Otis"
"Pamela","Pam"
"Pandora","Dora"
"Paulina","Paula"
"Pheney","Josephine"
"Philadelphia","Puss"
"Philetus","Phil"
"Philinda","Phyllis"
"Philip","Phil"
"Pleasant","Pleas"
"Prescott","Scott"
"Priscilla","Cilla"
"Quince","Quint"
"Rachel","Rae"
"Ramona","Mona"
"Randolph","Randall"
"Raphael","Raff"
"Raymond","Ray"
"Regina","Gina"
"Relief","Leafa"
"Reuben","Rube"
"Richard","Dick"
"Robert","Dob"
"Roberta","Bert"
"Rodney","Rod"
"Roland","Orlando"
"Ronald","Ron"
"Rosabella","Belle"
"Rosalyn","Rosalinda"
"Rudolphus","Adolf"
"Russell","Russ"
"Sabrina","Brina"
"Salvador","Sal"
"Sampson","Samson"
"Serilla","Rilla"
"Sheridan","Dan"
"Shirley","Lee"
"Sibbilla","Sibyl"
"Sigismund","Sig"
"Solomon","Sal"
"Sophronia","Fronia"
"Stephen","Steve"
"Susannah","Hannah"
"Sylvester","Sy"
"Terrance","Terence"
"Thaddeus","Tad"
"Theodore","Ted"
"Theodosia","Theo"
"Theophilus","Theo"
"Theresa","Therese"
"Thomasine","Tamzine"
"Timothy","Tim"
"Tryphena","Phena"
"Vanessa","Nessa"
"Vincent","Vin"
"Virginia","Ginger"
"Vladimir","Volodia"
"Webster","Webb"
"Wilfred","Fred"
"Wilhelmina","Mina"
"William","Bill"
"Winfield","Field"
"Woodrow","Wood"
"Yolanda","Yolonda"
"Zachariah","Zacharias"
"Zebedee","Zeb"
"Zebulon","Lon"
"Zedediah","Zed"
"Zelphia","Zel"
"Zepaniah","Zeph"
"Aaron","Ron"
"Abel","Abe"
"Abiel","Biel"
"Abijah","Bige"
"Abner","Ab"
"Abraham","Abram"
"Adaline","Adela"
"Adam","Ade"
"Adelaide","Adaline"
"Adelbert","Delbert"
"Adelphia","Dell"
"Agatha","Ag"
"Alanson","Lanson"
"Albert","Bert"
"Alberta","Albertine"
"Aleva","Leve"
"Alexandria","Sandra"
"Alfred","Alf"
"Alfreda","Frieda"
"Alice","Alicia"
"Almena","Mena"
"Alonzo","Alphonzo"
"Alphinias","Phineas"
"Amanda","Manda"
"Amos","Moses"
"Andrew","Drew"
"Angela","Angelina"
"Anna","Ann"
"Anselm","Ance"
"Anthony","Antonio"
"Antoinette","Ann"
"Aphrodite","Dyce"
"Arabella","Belle"
"Archibald","Baldo"
"Armena","Mena"
"Asaph","Asa"
"Asenath","Sene"
"Augustus","Gustus"
"Aurelia","Orilla"
"Azariah","Riah"
"Barbara","Barb"
"Barnabas","Bernard"
"Bartholomew","Bat"
"Bedelia","Bridgit"
"Belinda","Belle"
"Beverly","Bev"
"Brian","Bryan"
"Caleb","Cal"
"Calvin","Vin"
"Caroline","Carole"
"Cedrick","Rick"
"Charles","Carl"
"Chesley","Chet"
"Chloe","Clo"
"Christian","Kit"
"Christopher","Kit"
"Clarissa","Clair"
"Cordelia","Adelaide"
"Cornelia","Nelle"
"Cornelius","Cono"
"Curtis","Kurtis"
"Cynthia","Lucinda"
"Cyrenius","Renius"
"Cyrus","Cy"
"Dalton","Dal"
"Delbert","Del"
"Delilah","Della"
"Demerias","Dimmis"
"Denise","Denyse"
"Dennis","Dennison"
"Derrick","Rick"
"Desiree","Desree"
"Diana","Diane"
"Dominic","Nick"
"Duane","Dewayne"
"Edmund","Ned"
"Edward","Ned"
"Edwin","Ed"
"Egbert","Burt"
"Eleanor","Ella"
"Electra","Lecta"
"Elijah","Lige"
"Elizabeth","Beth"
"Elmira","Myra"
"Elsie","Alice"
"Emanuel","Manuel"
"Eric","Rick"
"Estella","Stella"
"Eugenia","Gene"
"Evaline","Eve"
"Evelyn","Eve"
"Ezekiel","Zeke"
"Ezra","Ez"
"Faith","Fay"
"Felicity","Felicia"
"Fidelia","Delia"
"Florence","Floss"
"Floyd","Lloyd"
"Gabrielle","Gabriella"
"Georgia","Gee"
"Gilbert","Gib"
"Gregory","Gregg"
"Hannah","Nan"
"Helena","Aileen"
"Henry","Hal"
"Hepsabah","Hephsibah"
"Herbert","Herb"
"Hezekiah","Hy"
"Hiram","Hy"
"Honora","Nora"
"Hopkins","Hopp"
"Hubert","Hugo"
"Ignatius","Nate"
"Irene","Rena"
"Irvin","Irving"
"Irwin","Erwin"
"Isaac","Ike"
"Isabella","Belle"
"Isaiah","Zay"
"Jacob","Jake"
"Jacqueline","Jaclyn"
"Jane","Janet"
"Jedediah","Jed"
"Jehu","Jayhugh"
"Jeremiah","Jereme"
"Jessica","Jesse"
"Joanna","Jean"
"John","Hans"
"Jonathan","Jonathan"
"Joseph","Joey"
"Josephine","Jo"
"Joshua","Jos"
"Josiah","Si"
"Joyce","Joy"
"Julia","Jill"
"Julias","Julian"
"Junior","June"
"Keziah","Kizza"
"Kimberly","Kim"
"King","Kingston"
"Lavinia","Wyncha"
"Lawrence","Laurence"
"Leonard","Leon"
"Leonora","Elenor"
"Leroy","Lee"
"Leslie","Lester"
"Letitia","Lettice"
"Levi","Lee"
"Lois","Heloise"
"Loretta","Laura"
"Luann","Luanne"
"Louis","Lewis"
"Lousie","Elouise"
"Lucias","Luke"
"Lucille","Cille"
"Lucretia","Crece"
"Luella","Lu"
"Madeline","Madge"
"Magdelina","Magda"
"Malcolm","Mal"
"Manerva","Nerva"
"Margaret","Madge"
"Marianna","Marianne"
"Marla","Mar"
"Marylou","Lulu"
"Marvin","Merv"
"Mary","Mae"
"Maryanne","Marianna"
"Matilda","Tilda"
"Matthew","Matthias"
"Maurice","Morris"
"Mavine","Mave"
"Melissa","Mel"
"Merlin","Merle"
"Michael","Mike"
"Miranda","Mira"
"Moses","Amos"
"Myrtle","Myrt"
"Nadine","Nada"
"Nancy","Agnes"
"Nicholas","Claas"
"Noel","Nowell"
"Obadiah","Dyer"
"Obedience","Bede"
"Octavia","Tavia"
"Odell","Odo"
"Olivia","Olive"
"Ophelia","Orphelia"
"Oswald","Waldo"
"Othello","Ote"
"Patrick","Pat"
"Peter","Pete"
"Pharaba","Pherbia"
"Philip","Pip"
"Philipina","Phililpa"
"Priscilla","Ciller"
"Prudence","Prue"
"Quince","Quinn"
"Rachel","Ray"
"Raphael","Ralph"
"Rebecca","Reba"
"Regina","Ray"
"Reginald","Reynold"
"Rhodella","Dell"
"Richard","Rich"
"Robert","Dobbin"
"Roger","Hodge"
"Roland","Rowland"
"Rosabella","Rosa"
"Rosalyn","Rosa"
"Rudolphus","Dolf"
"Rufina","Refina"
"Sabrina","Sybrina"
"Sampson","Sam"
"Samuel","Sam"
"Selina","Celina"
"Sharon","Sharyn"
"Shaun","Sean"
"Sheila","Cecilia"
"Sibbilla","Cibyl"
"Sidney","Sid"
"Silas","Si"
"Simeon","Sim"
"Solomon","Salmon"
"Sophronia","Sophia"
"Stephen","Steven"
"Sullivan","Van"
"Susannah","Sue"
"Sylvester","Syl"
"Tasha","Tash"
"Thaddeus","Thad"
"Theodore","Theodrick"
"Theodosia","Theodora"
"Thomas","Thom"
"Tilford","Ford"
"Tobias","Tobe"
"Uriah","Riah"
"Vanessa","Van"
"Victor","Vic"
"Vincent","Vince"
"Violet","Viola"
"Virgil","Virg"
"Vivian","Vi"
"Waldo","Oswald"
"Walter","Wat"
"Wesley","Wes"
"Wilber","Wib"
"William","Will"
"Winfield","Win"
"Winton","Wint"
"Woodrow","Drew"
"Yulan","Lan"
"Zadock","Dick"
"Zebulon","Zeb"
"Zedediah","Diah"
"Zelphia","Zella"
"Abel","Ab"
"Abiel","Ab"
"Abigail","Gail"
"Abijah","Abiah"
"Adaline","Aline"
"Adelaide","Adeline"
"Adelbert","Bert"
"Adelphia","Delphina"
"Agnes","Ann"
"Aileen","Lena"
"Alanson","Alan"
"Albert","Bird"
"Alexander","Ec"
"Alexandria","Alexandra"
"Alice","Elicia"
"Alonzo","Lon"
"Alphinias","Finnius"
"Amelia","Mel"
"Anderson","Ance"
"Angela","Angeline"
"Anna","Anne"
"Anselm","Ansel"
"Anthony","Antoine"
"Aphrodite","Dyche"
"Aquilla","Acuilla"
"Arabella","Arabelle"
"Archibald","Arch"
"Asaph","Asahel"
"Aurelia","Ora"
"Aurilla","Orilla"
"Azariah","Azarich"
"Barry","Bar"
"Bartholomew","Mees"
"Bedelia","Fidelia"
"Belinda","Linda"
"Bertha","Bert"
"Brian","Bryant"
"Cameron","Ron"
"Casey","KC"
"Celinda","Lynn"
"Charles","Chad"
"Charlotte","Lotta"
"Christiana","Tina"
"Clarissa","Clara"
"Cordelia","Bedelia"
"Curtis","Kurt"
"Cynthia","Cinthia"
"Cyrenius","Serene"
"Cyrus","Si"
"Daniel","Danial"
"David","Dave"
"Deborah","Debora"
"Delbert","Dilbert"
"Delilah","Lil"
"Delores","Lola"
"Demerias","Damaris"
"Diana","Di"
"Dorothy","Dot"
"Duane","Dwayne"
"Edmund","Ted"
"Edward","Ted"
"Edwin","Ned"
"Elaine","Alaina"
"Eleanor","Ellen"
"Elias","Lee"
"Elijah","Lig"
"Elsie","Elizabeth"
"Emanuel","Immanuel"
"Emeline","Lina"
"Estella","Estelle"
"Evaline","Lena"
"Evelyn","Evelina"
"Frances","Fran"
"Francis","Frankisek"
"Frederica","Ricka"
"Frederick","Frish"
"Genevieve","Eve"
"Gertrude","Gert"
"Gilbert","Gil"
"Harold","Hank"
"Helena","Eileen"
"Henry","Hank"
"Hepsabah","Hebsabeth"
"Hezekiah","Kiah"
"Honora","Norah"
"Hubert","Bert"
"Ignatius","Natius"
"Isaac","Zeke"
"Isabella","Elizabeth"
"Jacob","Jaap"
"Jacqueline","Jacklyn"
"James","Jim"
"Jedediah","Jedidiah"
"Jehu","Gee"
"Jemima","Mima"
"Joanna","Joan"
"John","Ian"
"Jonathan","Nathan"
"Joseph","Jos"
"Josephine","Joey"
"Julias","Jule"
"Katherine","Kat"
"Kenneth","Kendall"
"Keziah","Kid"
"Kimberly","Kym"
"Lavinia","Lavina"
"Leonard","Len"
"Leonora","Nora"
"Leroy","Roy"
"Letitia","Titia"
"Linda","Lynn"
"Lois","Louise"
"Lotta","Charlotte"
"Luann","Louanne"
"Louis","Lou"
"Lousie","Louise"
"Lucinda","Lu"
"Luella","Lula"
"Magdelina","Magdalen"
"Marianna","Anne"
"Marylou","Lou"
"Martha","Mat"
"Marvin","Mervyn"
"Matthew","Thias"
"Maureen","Rena"
"Melinda","Mel"
"Michael","Mitchell"
"Minerva","Nerva"
"Moses","Mose"
"Nancy","Ann"
"Nathaniel","Nathan"
"Nicholas","Claes"
"Nicolena","Nicolene"
"Noel","Knowell"
"Obadiah","Obe"
"Patricia","Tricia"
"Paulina","Lina"
"Peter","Pate"
"Pharaba","Pheriba"
"Prudence","Pru"
"Rachel","Raech"
"Rebecca","Becca"
"Reginald","Renaldo"
"Rhodella","Della"
"Richard","Rick"
"Robert","Bob"
"Roger","Hodgekin"
"Ronald","Naldo"
"Rosabella","Rose"
"Rosalyn","Rose"
"Rudolphus","Dolph"
"Rufina","Fina"
"Sarah","Sal"
"Selina","Lena"
"Seymour","Seymore"
"Shaun","Shawn"
"Sheldon","Shelton"
"Sheridan","Sher"
"Shirley","Shirl"
"Simeon","Simon"
"Solomon","Sol"
"Stephen","Steph"
"Susannah","Susan"
"Tamara","Temera"
"Theodore","Theodorick"
"Theodosia","Dora"
"Theresa","Tess"
"Thomas","Tom"
"Valentina","Valeda"
"Veronica","Ronna"
"Victor","Vick"
"Violet","Vi"
"Virginia","Jane"
"Walter","Walt"
"Wilber","Will"
"Wilfred","Will"
"Winifred","Winnet"
"Yulan","Yul"
"Zachariah","Zeke"
"Zadock","Dock"
"Zedediah","Dyer"
"Aaron","Erin"
"Abel","Eb"
"Abijah","Ab"
"Adaline","Edith"
"Adam","Ad"
"Adelaide","Della"
"Adelbert","Ad"
"Agatha","Agnes"
"Aileen","Eileen"
"Alanson","Lonson"
"Albert","Elbert"
"Alberta","Bert"
"Alexandria","Lexa"
"Alfred","Fred"
"Alfreda","Freda"
"Alonzo","Lonzo"
"Amelia","Melia"
"Anderson","Andre"
"Antoinette","Netta"
"Aphrodite","Eppa"
"Aquilla","Quilla"
"Arabella","Anabelle"
"Archibald","Archelous"
"Azariah","Tiah"
"Barry","Bear"
"Bartholomew","Meus"
"Beatrice","Trix"
"Bedelia","Phidelia"
"Belinda","Lynne"
"Brian","Ryan"
"Bridget","Delia"
"Cecilia","Cilla"
"Christiana","Xina"
"Clarissa","Clare"
"Cordelia","Fedelia"
"Cornelia","Nelia"
"Cornelius","Niel"
"Cyrenius","Swene"
"David","Day"
"Deborah","Debbe"
"Delilah","Lila"
"Delores","Dell"
"Derrick","Dirch"
"Dorothy","Dotha"
"Duane","Dwane"
"Edith","Edna"
"Edward","Edgar"
"Edwin","Win"
"Elaine","Elaina"
"Eleanor","Helen"
"Elias","Lias"
"Elizabeth","Elis"
"Evelyn","Evelyn"
"Frances","Sis"
"Francis","Franklin"
"Frederica","Frieda"
"Frederick","Fritz"
"Gabrilla","Gabrielle"
"Genevieve","Jean"
"Gilbert","Wilber"
"Hannah","Susannah"
"Helena","Elaine"
"Henrietta","Retta"
"Hepsabah","Hepsabel"
"Hubert","Hub"
"Isabella","Ib"
"Jacob","Jay"
"Jacqueline","Jaclin"
"James","Jameson"
"Jefferson","Geoff"
"Jehu","Hugh"
"John","Ivan"
"Julia","Juliet"
"Kenneth","Kendrick"
"Lavinia","Ina"
"Lawrence","Lon"
"Leonora","Lee"
"Leroy","LR"
"Letitia","Tish"
"Loretta","Retta"
"Lotta","Charlotta"
"Luann","Louann"
"Louis","Louie"
"Lousie","Heloise"
"Lucille","Lu"
"Lucinda","Lou"
"Madeline","Maud"
"Magdelina","Maida"
"Mary","Marietta"
"Maryanne","Ann"
"Matthew","Thys"
"Mehitabel","Bella"
"Michael","Micah"
"Mindwell","Wilhelmina"
"Moses","Moss"
"Nancy","Nan"
"Nathaniel","Nate"
"Nicholas","Nicodemus"
"Nicolena","Nicolina"
"Obadiah","Obed"
"Patrick","Peter"
"Paulina","Pauline"
"Prudence","Puss"
"Rebecca","Beck"
"Reginald","Naldo"
"Roger","Rodger"
"Roland","Rollo"
"Ronald","Ronaldo"
"Rosabella","Roz"
"Rosalyn","Linda"
"Rudolphus","Rolf"
"Sabrina","Rena"
"Samuel","Samantha"
"Sharon","Shar"
"Shaun","Shane"
"Sheldon","Shel"
"Sibbilla","Sibbell"
"Sidney","Syd"
"Simeon","Si"
"Sylvester","Vet"
"Tamara","Tamarra"
"Theodore","Tad"
"Tobias","Bias"
"Tryphena","Pheobe"
"Tryphosia","Tryphenia"
"Vanessa","Vanna"
"Vincent","Vinson"
"Wilber","Wilbur"
"Wilhelmina","Wilma"
"Winifred","Wenefred"
"Zadock","Melchizedek"
"Aaron","Ronald"
"Abigail","Tabitha"
"Abijah","Biah"
"Adelaide","Heide"
"Adelbert","Ade"
"Alexander","Al"
"Alexandria","Xan"
"Angela","Jane"
"Anna","Hannah"
"Aphrodite","Epaphroditus"
"Arabella","Bell"
"Arnold","Ronald"
"Barbara","Bab"
"Belinda","Lyn"
"Brian","Rian"
"Caroline","Lynn"
"Charles","Chick"
"Charlotte","Char"
"Christiana","Christina"
"Cornelius","Neal"
"Deborah","Debi"
"Edward","Edmund"
"Edwina","Edward"
"Eleanor","Lanna"
"Elizabeth","Elissa"
"Emeline","Em"
"Eudora","Dorothy"
"Francis","Franz"
"Genevieve","Gen"
"Helena","Eleanor"
"Henry","Hen"
"Jacob","Jacobus"
"Jacqueline","Jacklin"
"James","Jem"
"Jennifer","Winifred"
"Jerita","Margarita"
"Joanna","Johanna"
"John","Jack"
"Joseph","Josefa"
"Josephine","Fina"
"Kenneth","Kent"
"Lavinia","Vina"
"Leonard","Lineau"
"Lillian","Lillah"
"Linda","Lynette"
"Loretta","Lorraine"
"Luann","Lulu"
"Lousie","Eliza"
"Lucille","Lou"
"Margaret","Marge"
"Margarita","Rosarita"
"Marianna","Maria"
"Mary","Marion"
"Maryanne","Anne"
"Mehitabel","Mehetable"
"Melinda","Lynne"
"Melissa","Lissa"
"Michael","Mick"
"Mindwell","Minerva"
"Montgomery","Lamont"
"Nancy","Nance"
"Nathaniel","Than"
"Patience","Patricia"
"Patricia","Trish"
"Patrick","Patricia"
"Philinda","Belinda"
"Priscilla","Silla"
"Richard","Dickon"
"Robert","Rob"
"Roger","Roge"
"Rosalyn","Roz"
"Rudolphus","Rollo"
"Sabrina","Serena"
"Sarah","Sara"
"Shaun","Shayne"
"Simeon","Sion"
"Susannah","Suzanne"
"Sylvester","Vest"
"Theodore","Theo"
"Theresa","Thursa"
"Vanessa","Essa"
"William","Bell"
"Winifred","Fred"
"Zachariah","Rye"
"Zadock","Zed"
"Adaline","Dell"
"Adelaide","Adele"
"Adelbert","Elbert"
"Agnes","Inez"
"Alberta","Elbert"
"Alexander","Eleck"
"Alexandria","Alex"
"Alice","Lisa"
"Angela","Lena"
"Anna","Nan"
"Aphrodite","Epaphroditius"
"Augusta","Tina"
"Augustus","August"
"Broderick","Richard"
"Caroline","Carolyn"
"Charles","Chuck"
"Christiana","Kris"
"Clarissa","Claire"
"Deborah","Debra"
"Delores","Della"
"Dorothy","Dode"
"Eleanor","Leonora"
"Emeline","Emma"
"Fidelia","Delia"
"Genevieve","Neva"
"Gerald","Jeremiah"
"Helena","Ellen"
"Henry","Hence"
"Isabella","Nib"
"Jacob","Jeb"
"Jane","Joan"
"Jerita","Rosarita"
"John","Jan"
"Josiah","Joseph"
"Katherine","Kate"
"Leonard","Lenhart"
"Linda","Linette"
"Luann","Lou"
"Lousie","Lois"
"Madeline","Magda"
"Margaret","Margo"
"Marianna","Mia"
"Mary","Maureen"
"Matilda","Maud"
"Mehitabel","Mehitable"
"Patricia","Tish"
"Patrick","Pate"
"Philinda","Linda"
"Richard","Dickson"
"Robert","Robin"
"Rodney","Roger"
"Roger","Rod"
"Rosalyn","Rose"
"Solomon","Saul"
"Sylvester","Vester"
"Veronica","Ron"
"William","Bela"
"Adaline","Delia"
"Adelaide","Dell"
"Agnes","Nessa"
"Alexander","Sasha"
"Alice","Alison"
"Amelia","Parmelia"
"Arabella","Isabella"
"Augusta","Gus"
"Charles","Karl"
"Edmund","Edward"
"Eleanor","Nell"
"Elsie","Elizabeth"
"Emeline","Emeline"
"Eric","Derrick"
"Fidelia","Cordelia"
"Harold","Henry"
"Helena","Lena"
"Isabella","Sabe"
"Jane","Joanna"
"Jessica","Jane"
"Joanna","Joannah"
"John","Jean"
"Jonathan","Nathaniel"
"Lavinia","Louvina"
"Lawrence","Lorne"
"Luann","Ann"
"Lousie","Lou"
"Luciana","Lucinda"
"Madeline","Maida"
"Margaret","Peg"
"Marylou","Mary"
"Mary","May"
"Matilda","Mathilda"
"Maureen","Mary"
"Mehitabel","Mehetabel"
"Philinda","Philinda"
"Robert","Rupert"
"Rodney","Reginald"
"Rosalyn","Linda"
"Rudolphus","Rudolph"
"Selina","Sabrina"
"Sharon","Sheron"
"Susannah","Susanna"
"Theodosia","Theodore"
"Virginia","Gen"
"Winfield","Winifred"
"Zedediah","Jedediah"
"Adaline","Lena"
"Adelphia","Adeline"
"Aileen","Eileen"
"Albert","Adelbert"
"Alexandria","Sasha"
"Arabella","Mehitabel"
"Augusta","August"
"Bedelia","Delia"
"Caroline","Carolina"
"Charles","Karel"
"Christiana","Xena"
"Dorothy","Dortha"
"Edmund","Sigismund"
"Edwin","Edward"
"Elaine","Eleanor"
"Elizabeth","Liz"
"Emeline","Emiline"
"Fidelia","Adelaide"
"Hannah","Joanna"
"Helena","Nell"
"Hepsabah","Elizabeth"
"Honora","Eleanor"
"Isabella","Sabra"
"Jane","Virginia"
"Jefferson","Jeffery"
"Jehu","John"
"Jessica","Virginia"
"Joanna","Johannah"
"John","Jaques"
"Jonathan","John"
"Lavinia","Louvinia"
"Leonora","Eleanor"
"Linda","Lidia"
"Luann","Anne"
"Lousie","Lulu"
"Luciana","Cynthia"
"Lucinda","Cynthia"
"Madeline","Madeleine"
"Magdelina","Madeline"
"Margaret","Meg"
"Marylou","Louise"
"Mehitabel","Amabel"
"Robert","Hob"
"Rodney","Ronald"
"Ronald","Roland"
"Rosabella","Isabella"
"Rosalyn","Rosabella"
"Rudolphus","Olph"
"Samuel","Samson"
"Sharon","Sheryn"
"Sylvester","Silvester"
"Tryphena","Tryphosia"
"Wilber","Gilbert"
"William","Wilhelm"
"Zedediah","Obediah"
"Adaline","Adelaide"
"Adelaide","Adeliza"
"Aileen","Helen"
"Alexandria","Cassandra"
"Amelia","Permelia"
"Anna","Nana"
"Augusta","Augusta"
"Barbara","Bar"
"Bedelia","Cordelia"
"Belinda","Melinda"
"Caroline","Lena"
"Christiana","Cristina"
"Dorothy","Doda"
"Eleanor","Nora"
"Elizabeth","Liza"
"Emeline","Erma"
"Hannah","Susannah"
"Hepsabah","Rosabella"
"Jane","Janette"
"Joanna","Hannah"
"John","Jock"
"Katherine","Kit"
"Lousie","Louisa"
"Margaret","Metta"
"Obadiah","Jedediah"
"Robert","Hobkin"
"Roland","Roland"
"Ronald","Reginald"
"Rosabella","Roseanne"
"Rosalyn","Roseanne"
"Rudolphus","Adolphus"
"Sabrina","Selina"
"Sharon","Sheryl"
"Sylvester","Sylvanus"
"Theresa","Thriza"
"Virginia","Gina"
"William","Willis"
"Adelaide","Liza"
"Alexandria","Cass"
"Alice","Alisha"
"Anna","Susanna"
"Bedelia","Adelaide"
"Belinda","Linda"
"Caroline","Orolia"
"Christiana","Cris"
"Clarissa","Belinda"
"Dorothy","Dora"
"Elizabeth","Lizabeth"
"Emeline","Emm"
"Genevieve","Jane"
"Hannah","Anna"
"Helena","Helene"
"Henry","Harold"
"Isabella","Isabel"
"Jane","Jean"
"Joanna","Joann"
"Katherine","Kay"
"Lousie","Louetta"
"Margaret","Midge"
"Marianna","Mary"
"Maryanne","Mary"
"Melinda","Belinda"
"Nancy","Ann"
"Nathaniel","Johnathan"
"Patrick","Peter"
"Roger","Rodney"
"Roland","Orlando"
"Rosabella","Rosarita"
"Rosalyn","Rosarita"
"Rudolphus","Ad"
"Sabrina","Serilla"
"Sharon","Cheryl"
"Sylvester","Silver"
"Theresa","Teresa"
"William","Liam"
"Adelaide","Adelia"
"Alice","Elisha"
"Anna","Annette"
"Belinda","Philinda"
"Clarissa","Melinda"
"Dorothy","Dorothea"
"Eleanor","Elenora"
"Genevieve","Virginia"
"Helena","Ella"
"Isabella","Rosabella"
"Joanna","Joanne"
"Katherine","Trina"
"Marianna","Anne"
"Martha","Patricia"
"Maryanne","Anna"
"Melinda","Linda"
"Roland","Reginald"
"Rosabella","Rosalyn"
"Rosalyn","Roseanne"
"Rudolphus","Ado"
"Theresa","Thirsa"
"Adelaide","Elizabeth"
"Alice","Lish"
"Anna","Maryanne"
"Christiana","Kristine"
"Clarissa","Philinda"
"Dorothy","Dorinda"
"Eleanor","Elinamifia"
"Elizabeth","Tess"
"Helena","Elena"
"John","Jackson"
"Katherine","Tina"
"Madeline","Magdalena"
"Margaret","Margaretha"
"Melinda","Philinda"
"Rosalyn","Roseann"
"Theresa","Tessa"
"Alice","Ellis"
"Amelia","Mildred"
"Anna","Christina"
"Dorothy","Doris"
"Eleanor","Elnora"
"Helena","Ellender"
"Isabella","Arabella"
"Jane","Jeanne"
"Katherine","Lena"
"Luann","Anna"
"Margaret","Meta"
"Mary","Moll"
"Rosalyn","Rose"
"Virginia","Jane"
"Alice","Elicia"
"Anna","Antoinette"
"Dorothy","Medora"
"Elizabeth","Eliza"
"Helena","Eleanor"
"Isabella","Rosabella"
"Katherine","Cathleen"
"Linda","Belinda"
"Luann","Louise"
"Lousie","Loretta"
"Margaret","Gretta"
"Rosalyn","Ann"
"Virginia","Genevieve"
"Anna","Roseanne"
"Emeline","Amelia"
"Jane","Jan"
"Joanna","Anna"
"Katherine","Catherine"
"Linda","Melinda"
"Margaret","Rita"
"Mary","Mate"
"Rosalyn","Roz"
"Anna","Hannah"
"Elizabeth","Lisa"
"Jane","Janett"
"Joanna","Hannah"
"John","Johnathan"
"Linda","Philinda"
"Mary","Maura"
"Eleanor","Honora"
"Elizabeth","Lise"
"Jane","Janice"
"Joanna","Suzannah"
"Katherine","Karen"
"Mary","Moira"
"Rosalyn","Roseanna"
"Elizabeth","Lib"
"Jane","Janyce"
"Katherine","Kathryn"
"Mary","Marilyn"
"Rosalyn","Rox"
"Jane","Jayce"
"Katherine","Katherina"
"Margaret","Margaretta"
"Mary","Maria"
"Elizabeth","Bethia"
"Jane","Jc"
"Katherine","Kathe"
"Margaret","Megan"
"Mary","Mariah"
"Rosalyn","Roxanne"
"Jane","Janiece"
"Mary","Marian"
"Rosalyn","Roxanna"
"Rosalyn","Roxane"
"Mary","Marcia"
"Margaret","Mary"
"Mary","Marica"
"Jane","Genevieve"
"Margaret","Margarita"
"Elizabeth","Alice"
"Jane","Virginia"
"Rosalyn","Rosabella"
"Elizabeth","Alisha"
"Jane","Joanna"
"Rosalyn","Rosalyn"
"Mary","Maryanne"
"Rosalyn","Rosarita"
"Mary","Martha"
"Rosalyn","Anna"
"Mary","Margaret"
"Carthaette","Calley"
"Carthaette","Callie"
"Carthaette","Cally"
"Carthaette","Calli"
"Experience","Vangey"
"Experience","Vangie"
"Experience","Vangy"
"Experience","Vangi"
"Greenberry","Peddey"
"Greenberry","Peddie"
"Greenberry","Peddy"
"Greenberry","Peddi"
"Jacqueline","Berrey"
"Jacqueline","Berrie"
"Jacqueline","Berry"
"Jacqueline","Berri"
"Karonhappuck","Jackey"
"Karonhappuck","Jackie"
"Karonhappuck","Jacky"
"Karonhappuck","Jacki"
"Littleberry","Carrey"
"Littleberry","Carrie"
"Littleberry","Carry"
"Littleberry","Carri"
"Maximillian","Berrey"
"Maximillian","Berrie"
"Maximillian","Berry"
"Maximillian","Berri"
"Adelaide","Pokey"
"Adelaide","Pokie"
"Adelaide","Poky"
"Adelaide","Poki"
"Adelbert","Addey"
"Adelbert","Addie"
"Adelbert","Addy"
"Adelbert","Addi"
"Alphinias","Elley"
"Alphinias","Ellie"
"Alphinias","Elly"
"Alphinias","Elli"
"Arabella","Appey"
"Arabella","Appie"
"Arabella","Appy"
"Arabella","Appi"
"Ardeshir","Archey"
"Ardeshir","Archie"
"Ardeshir","Archy"
"Ardeshir","Archi"
"Aristotle","Ardey"
"Aristotle","Ardie"
"Aristotle","Ardy"
"Aristotle","Ardi"
"Augustus","Telley"
"Augustus","Tellie"
"Augustus","Telly"
"Augustus","Telli"
"Bartholomew","Barney"
"Bartholomew","Barnie"
"Bartholomew","Barny"
"Bartholomew","Barni"
"Caldonia","Rickey"
"Caldonia","Rickie"
"Caldonia","Ricky"
"Caldonia","Ricki"
"Calpurnia","Calley"
"Calpurnia","Callie"
"Calpurnia","Cally"
"Calpurnia","Calli"
"Campbell","Calley"
"Campbell","Callie"
"Campbell","Cally"
"Campbell","Calli"
"Carmellia","Lottey"
"Carmellia","Lottie"
"Carmellia","Lotty"
"Carmellia","Lotti"
"Carthaette","Caddey"
"Carthaette","Caddie"
"Carthaette","Caddy"
"Carthaette","Caddi"
"Charlotte","Ettey"
"Charlotte","Ettie"
"Charlotte","Etty"
"Charlotte","Etti"
"Cordelia","Conney"
"Cordelia","Connie"
"Cordelia","Conny"
"Cordelia","Conni"
"Cornelia","Cordey"
"Cornelia","Cordie"
"Cornelia","Cordy"
"Cornelia","Cordi"
"Cornelius","Corney"
"Cornelius","Cornie"
"Cornelius","Corny"
"Cornelius","Corni"
"Deliverance","Daney"
"Deliverance","Danie"
"Deliverance","Dany"
"Deliverance","Dani"
"Demerias","Delley"
"Demerias","Dellie"
"Demerias","Delly"
"Demerias","Delli"
"Euphrosina","Effey"
"Euphrosina","Effie"
"Euphrosina","Effy"
"Euphrosina","Effi"
"Eustacia","Dicey"
"Eustacia","Dicie"
"Eustacia","Dicy"
"Eustacia","Dici"
"Florence","Ferdey"
"Florence","Ferdie"
"Florence","Ferdy"
"Florence","Ferdi"
"Geraldine","Gencey"
"Geraldine","Gencie"
"Geraldine","Gency"
"Geraldine","Genci"
"Greenberry","Gattey"
"Greenberry","Gattie"
"Greenberry","Gatty"
"Greenberry","Gatti"
"Hermione","Hepsey"
"Hermione","Hepsie"
"Hermione","Hepsy"
"Hermione","Hepsi"
"Ignatius","Tensey"
"Ignatius","Tensie"
"Ignatius","Tensy"
"Ignatius","Tensi"
"Isabella","Iggey"
"Isabella","Iggie"
"Isabella","Iggy"
"Isabella","Iggi"
"Jedediah","Jakey"
"Jedediah","Jakie"
"Jedediah","Jaky"
"Jedediah","Jaki"
"Jonathan","Jeremey"
"Jonathan","Jeremie"
"Jonathan","Jeremy"
"Jonathan","Jeremi"
"Lafayette","Kimberley"
"Lafayette","Kimberlie"
"Lafayette","Kimberly"
"Lafayette","Kimberli"
"Laurinda","Dicey"
"Laurinda","Dicie"
"Laurinda","Dicy"
"Laurinda","Dici"
"Lecurgus","Larrey"
"Lecurgus","Larrie"
"Lecurgus","Larry"
"Lecurgus","Larri"
"Lucretia","Lorrey"
"Lucretia","Lorrie"
"Lucretia","Lorry"
"Lucretia","Lorri"
"Madeline","Creasey"
"Madeline","Creasie"
"Madeline","Creasy"
"Madeline","Creasi"
"Margarita","Daisey"
"Margarita","Daisie"
"Margarita","Daisy"
"Margarita","Daisi"
"Melchizedek","Hettey"
"Melchizedek","Hettie"
"Melchizedek","Hetty"
"Melchizedek","Hetti"
"Michelle","Mercey"
"Michelle","Mercie"
"Michelle","Mercy"
"Michelle","Merci"
"Millicent","Mickey"
"Millicent","Mickie"
"Millicent","Micky"
"Millicent","Micki"
"Mindwell","Milley"
"Mindwell","Millie"
"Mindwell","Milly"
"Mindwell","Milli"
"Mortimer","Montey"
"Mortimer","Montie"
"Mortimer","Monty"
"Mortimer","Monti"
"Parthenia","Biddey"
"Parthenia","Biddie"
"Parthenia","Biddy"
"Parthenia","Biddi"
"Patience","Parsuney"
"Patience","Parsunie"
"Patience","Parsuny"
"Patience","Parsuni"
"Penelope","Perrey"
"Penelope","Perrie"
"Penelope","Perry"
"Penelope","Perri"
"Percival","Neppey"
"Percival","Neppie"
"Percival","Neppy"
"Percival","Neppi"
"Pernetta","Melley"
"Pernetta","Mellie"
"Pernetta","Melly"
"Pernetta","Melli"
"Philadelphia","Nettey"
"Philadelphia","Nettie"
"Philadelphia","Netty"
"Philadelphia","Netti"
"Prescott","Humey"
"Prescott","Humie"
"Prescott","Humy"
"Prescott","Humi"
"Randolph","Densey"
"Randolph","Densie"
"Randolph","Densy"
"Randolph","Densi"
"Tennessee","Tempey"
"Tennessee","Tempie"
"Tennessee","Tempy"
"Tennessee","Tempi"
"Theodosia","Tenney"
"Theodosia","Tennie"
"Theodosia","Tenny"
"Theodosia","Tenni"
"Thomasine","Ophey"
"Thomasine","Ophie"
"Thomasine","Ophy"
"Thomasine","Ophi"
"Valentina","Phosey"
"Valentina","Phosie"
"Valentina","Phosy"
"Valentina","Phosi"
"Wilhelmina","Waitey"
"Wilhelmina","Waitie"
"Wilhelmina","Waity"
"Wilhelmina","Waiti"
"Zachariah","Helmey"
"Zachariah","Helmie"
"Zachariah","Helmy"
"Zachariah","Helmi"
"Agatha","Addey"
"Agatha","Addie"
"Agatha","Addy"
"Agatha","Addi"
"Aileen","Addey"
"Aileen","Addie"
"Aileen","Addy"
"Aileen","Addi"
"Almena","Alfey"
"Almena","Alfie"
"Almena","Alfy"
"Almena","Alfi"
"Almina","Alley"
"Almina","Allie"
"Almina","Ally"
"Almina","Alli"
"Almira","Minney"
"Almira","Minnie"
"Almira","Minny"
"Almira","Minni"
"Amanda","Amey"
"Amanda","Amie"
"Amanda","Amy"
"Amanda","Ami"
"Anastasia","Amey"
"Anastasia","Amie"
"Anastasia","Amy"
"Anastasia","Ami"
"Anderson","Stacey"
"Anderson","Stacie"
"Anderson","Stacy"
"Anderson","Staci"
"Andrea","Andey"
"Andrea","Andie"
"Andrea","Andy"
"Andrea","Andi"
"Angela","Andey"
"Angela","Andie"
"Angela","Andy"
"Angela","Andi"
"Antoinette","Toney"
"Antoinette","Tonie"
"Antoinette","Tony"
"Antoinette","Toni"
"Aphrodite","Nettey"
"Aphrodite","Nettie"
"Aphrodite","Netty"
"Aphrodite","Netti"
"Arielle","Baldey"
"Arielle","Baldie"
"Arielle","Baldy"
"Arielle","Baldi"
"Arlene","Arey"
"Arlene","Arie"
"Arlene","Ary"
"Arlene","Ari"
"Armilda","Arrey"
"Armilda","Arrie"
"Armilda","Arry"
"Armilda","Arri"
"Arminda","Milley"
"Arminda","Millie"
"Arminda","Milly"
"Arminda","Milli"
"Arnold","Mindey"
"Arnold","Mindie"
"Arnold","Mindy"
"Arnold","Mindi"
"Arthur","Arney"
"Arthur","Arnie"
"Arthur","Arny"
"Arthur","Arni"
"Asenath","Zaddey"
"Asenath","Zaddie"
"Asenath","Zaddy"
"Asenath","Zaddi"
"Bertha","Benjey"
"Bertha","Benjie"
"Bertha","Benjy"
"Bertha","Benji"
"Bertram","Bertey"
"Bertram","Bertie"
"Bertram","Berty"
"Bertram","Berti"
"Blanche","Beverley"
"Blanche","Beverlie"
"Blanche","Beverly"
"Blanche","Beverli"
"Bradford","Bonney"
"Bradford","Bonnie"
"Bradford","Bonny"
"Bradford","Bonni"
"Broderick","Biddey"
"Broderick","Biddie"
"Broderick","Biddy"
"Broderick","Biddi"
"Caldonia","Bradey"
"Caldonia","Bradie"
"Caldonia","Brady"
"Caldonia","Bradi"
"Calvin","Kissey"
"Calvin","Kissie"
"Calvin","Kissy"
"Calvin","Kissi"
"Candace","Cammey"
"Candace","Cammie"
"Candace","Cammy"
"Candace","Cammi"
"Caroline","Candey"
"Caroline","Candie"
"Caroline","Candy"
"Caroline","Candi"
"Christian","Chesley"
"Christian","Cheslie"
"Christian","Chesly"
"Christian","Chesli"
"Christopher","Crissey"
"Christopher","Crissie"
"Christopher","Crissy"
"Christopher","Crissi"
"Cordelia","Tentey"
"Cordelia","Tentie"
"Cordelia","Tenty"
"Cordelia","Tenti"
"Cornelius","Neeley"
"Cornelius","Neelie"
"Cornelius","Neely"
"Cornelius","Neeli"
"Courtney","Neeley"
"Courtney","Neelie"
"Courtney","Neely"
"Courtney","Neeli"
"Cyrenius","Cindey"
"Cyrenius","Cindie"
"Cyrenius","Cindy"
"Cyrenius","Cindi"
"Deborah","Darey"
"Deborah","Darie"
"Deborah","Dary"
"Deborah","Dari"
"Delores","Dilley"
"Delores","Dillie"
"Delores","Dilly"
"Delores","Dilli"
"Derrick","Denney"
"Derrick","Dennie"
"Derrick","Denny"
"Derrick","Denni"
"Dominic","Desey"
"Dominic","Desie"
"Dominic","Desy"
"Dominic","Desi"
"Egbert","Winney"
"Egbert","Winnie"
"Egbert","Winny"
"Egbert","Winni"
"Eliphalet","Eley"
"Eliphalet","Elie"
"Eliphalet","Ely"
"Eliphalet","Eli"
"Elmira","Bessey"
"Elmira","Bessie"
"Elmira","Bessy"
"Elmira","Bessi"
"Emeline","Manney"
"Emeline","Mannie"
"Emeline","Manny"
"Emeline","Manni"
"Estella","Seney"
"Estella","Senie"
"Estella","Seny"
"Estella","Seni"
"Eudora","Essey"
"Eudora","Essie"
"Eudora","Essy"
"Eudora","Essi"
"Eugene","Dosey"
"Eugene","Dosie"
"Eugene","Dosy"
"Eugene","Dosi"
"Eustacia","Rosey"
"Eustacia","Rosie"
"Eustacia","Rosy"
"Eustacia","Rosi"
"Evaline","Stacey"
"Evaline","Stacie"
"Evaline","Stacy"
"Evaline","Staci"
"Genevieve","Gabbey"
"Genevieve","Gabbie"
"Genevieve","Gabby"
"Genevieve","Gabbi"
"George","Jinsey"
"George","Jinsie"
"George","Jinsy"
"George","Jinsi"
"Geraldine","Jerrey"
"Geraldine","Jerrie"
"Geraldine","Jerry"
"Geraldine","Jerri"
"Gertrude","Gerrey"
"Gertrude","Gerrie"
"Gertrude","Gerry"
"Gertrude","Gerri"
"Gilbert","Gertey"
"Gilbert","Gertie"
"Gilbert","Gerty"
"Gilbert","Gerti"
"Gregory","Glorey"
"Gregory","Glorie"
"Gregory","Glory"
"Gregory","Glori"
"Hamilton","Wendey"
"Hamilton","Wendie"
"Hamilton","Wendy"
"Hamilton","Wendi"
"Helena","Hattey"
"Helena","Hattie"
"Helena","Hatty"
"Helena","Hatti"
"Hester","Hermey"
"Hester","Hermie"
"Hester","Hermy"
"Hester","Hermi"
"Hopkins","Honey"
"Hopkins","Honie"
"Hopkins","Hony"
"Hopkins","Honi"
"Isidora","Zadey"
"Isidora","Zadie"
"Isidora","Zady"
"Isidora","Zadi"
"Jacqueline","Izzey"
"Jacqueline","Izzie"
"Jacqueline","Izzy"
"Jacqueline","Izzi"
"Jehiel","Sonney"
"Jehiel","Sonnie"
"Jehiel","Sonny"
"Jehiel","Sonni"
"Jennifer","Jessey"
"Jennifer","Jessie"
"Jennifer","Jessy"
"Jennifer","Jessi"
"Jeremiah","Jenney"
"Jeremiah","Jennie"
"Jeremiah","Jenny"
"Jeremiah","Jenni"
"Jerita","Jerrey"
"Jerita","Jerrie"
"Jerita","Jerry"
"Jerita","Jerri"
"Joseph","Johnney"
"Joseph","Johnnie"
"Joseph","Johnny"
"Joseph","Johnni"
"Joshua","Pheney"
"Joshua","Phenie"
"Joshua","Pheny"
"Joshua","Pheni"
"Judson","Judey"
"Judson","Judie"
"Judson","Judy"
"Judson","Judi"
"Kimberly","Kezzey"
"Kimberly","Kezzie"
"Kimberly","Kezzy"
"Kimberly","Kezzi"
"Lafayette","Kymberley"
"Lafayette","Kymberlie"
"Lafayette","Kymberly"
"Lafayette","Kymberli"
"Laodicia","Montey"
"Laodicia","Montie"
"Laodicia","Monty"
"Laodicia","Monti"
"Laverne","Laurey"
"Laverne","Laurie"
"Laverne","Laury"
"Laverne","Lauri"
"Lawrence","Viney"
"Lawrence","Vinie"
"Lawrence","Viny"
"Lawrence","Vini"
"Lewvisa","Lettey"
"Lewvisa","Lettie"
"Lewvisa","Letty"
"Lewvisa","Letti"
"Libuse","Vicey"
"Libuse","Vicie"
"Libuse","Vicy"
"Libuse","Vici"
"Lucretia","Cindey"
"Lucretia","Cindie"
"Lucretia","Cindy"
"Lucretia","Cindi"
"Magdelina","Maddey"
"Magdelina","Maddie"
"Magdelina","Maddy"
"Magdelina","Maddi"
"Malcolm","Halley"
"Malcolm","Hallie"
"Malcolm","Hally"
"Malcolm","Halli"
"Martha","Marey"
"Martha","Marie"
"Martha","Mary"
"Martha","Mari"
"Marvin","Martey"
"Marvin","Martie"
"Marvin","Marty"
"Marvin","Marti"
"Maurice","Marey"
"Maurice","Marie"
"Maurice","Mary"
"Maurice","Mari"
"Mavine","Maurey"
"Mavine","Maurie"
"Mavine","Maury"
"Mavine","Mauri"
"Maxine","Maverey"
"Maxine","Maverie"
"Maxine","Mavery"
"Maxine","Maveri"
"Melvina","Lodey"
"Melvina","Lodie"
"Melvina","Lody"
"Melvina","Lodi"
"Michelle","Mickey"
"Michelle","Mickie"
"Michelle","Micky"
"Michelle","Micki"
"Mildred","Shelley"
"Mildred","Shellie"
"Mildred","Shelly"
"Mildred","Shelli"
"Minerva","Missey"
"Minerva","Missie"
"Minerva","Missy"
"Minerva","Missi"
"Miriam","Mandey"
"Miriam","Mandie"
"Miriam","Mandy"
"Miriam","Mandi"
"Mitchell","Marey"
"Mitchell","Marie"
"Mitchell","Mary"
"Mitchell","Mari"
"Nathaniel","Nettey"
"Nathaniel","Nettie"
"Nathaniel","Netty"
"Nathaniel","Netti"
"Nicolena","Nickey"
"Nicolena","Nickie"
"Nicolena","Nicky"
"Nicolena","Nicki"
"Ninell","Nikkey"
"Ninell","Nikkie"
"Ninell","Nikky"
"Ninell","Nikki"
"Norbert","Nettey"
"Norbert","Nettie"
"Norbert","Netty"
"Norbert","Netti"
"Olivia","Olley"
"Olivia","Ollie"
"Olivia","Olly"
"Olivia","Olli"
"Othello","Ossey"
"Othello","Ossie"
"Othello","Ossy"
"Othello","Ossi"
"Patience","Pasooney"
"Patience","Pasoonie"
"Patience","Pasoony"
"Patience","Pasooni"
"Patricia","Pattey"
"Patricia","Pattie"
"Patricia","Patty"
"Patricia","Patti"
"Patrick","Patsey"
"Patrick","Patsie"
"Patrick","Patsy"
"Patrick","Patsi"
"Paulina","Paddey"
"Paulina","Paddie"
"Paulina","Paddy"
"Paulina","Paddi"
"Percival","Penney"
"Percival","Pennie"
"Percival","Penny"
"Percival","Penni"
"Permelia","Percey"
"Permelia","Percie"
"Permelia","Percy"
"Permelia","Perci"
"Pharaba","Milley"
"Pharaba","Millie"
"Pharaba","Milly"
"Pharaba","Milli"
"Pheney","Ferbey"
"Pheney","Ferbie"
"Pheney","Ferby"
"Pheney","Ferbi"
"Phineas","Peney"
"Phineas","Penie"
"Phineas","Peny"
"Phineas","Peni"
"Pleasant","Finney"
"Pleasant","Finnie"
"Pleasant","Finny"
"Pleasant","Finni"
"Quince","Prudey"
"Quince","Prudie"
"Quince","Prudy"
"Quince","Prudi"
"Regina","Beckey"
"Regina","Beckie"
"Regina","Becky"
"Regina","Becki"
"Relief","Reggey"
"Relief","Reggie"
"Relief","Reggy"
"Relief","Reggi"
"Richard","Rhodey"
"Richard","Rhodie"
"Richard","Rhody"
"Richard","Rhodi"
"Sheldon","Morey"
"Sheldon","Morie"
"Sheldon","Mory"
"Sheldon","Mori"
"Sheridan","Shelley"
"Sheridan","Shellie"
"Sheridan","Shelly"
"Sheridan","Shelli"
"Susannah","Sulley"
"Susannah","Sullie"
"Susannah","Sully"
"Susannah","Sulli"
"Temperance","Tabbey"
"Temperance","Tabbie"
"Temperance","Tabby"
"Temperance","Tabbi"
"Terrance","Tilley"
"Terrance","Tillie"
"Terrance","Tilly"
"Terrance","Tilli"
"Timothy","Tilley"
"Timothy","Tillie"
"Timothy","Tilly"
"Timothy","Tilli"
"Vanessa","Valley"
"Vanessa","Vallie"
"Vanessa","Vally"
"Vanessa","Valli"
"Veronica","Nicey"
"Veronica","Nicie"
"Veronica","Nicy"
"Veronica","Nici"
"Victoria","Frankey"
"Victoria","Frankie"
"Victoria","Franky"
"Victoria","Franki"
"Vincent","Torrey"
"Vincent","Torrie"
"Vincent","Torry"
"Vincent","Torri"
"Webster","Walley"
"Webster","Wallie"
"Webster","Wally"
"Webster","Walli"
"Woodrow","Freddey"
"Woodrow","Freddie"
"Woodrow","Freddy"
"Woodrow","Freddi"
"Abijah","Abbey"
"Abijah","Abbie"
"Abijah","Abby"
"Abijah","Abbi"
"Adaline","Abbey"
"Adaline","Abbie"
"Adaline","Abby"
"Adaline","Abbi"
"Aileen","Aggey"
"Aileen","Aggie"
"Aileen","Aggy"
"Aileen","Aggi"
"Alanson","Alley"
"Alanson","Allie"
"Alanson","Ally"
"Alanson","Alli"
"Aleva","Richey"
"Aleva","Richie"
"Aleva","Richy"
"Aleva","Richi"
"Alexandria","Andey"
"Alexandria","Andie"
"Alexandria","Andy"
"Alexandria","Andi"
"Amanda","Molley"
"Amanda","Mollie"
"Amanda","Molly"
"Amanda","Molli"
"Amos","Emiley"
"Amos","Emilie"
"Amos","Emily"
"Amos","Emili"
"Andrea","Sonney"
"Andrea","Sonnie"
"Andrea","Sonny"
"Andrea","Sonni"
"Andrew","Andey"
"Andrew","Andie"
"Andrew","Andy"
"Andrew","Andi"
"Arabella","Quilley"
"Arabella","Quillie"
"Arabella","Quilly"
"Arabella","Quilli"
"Armena","Arley"
"Armena","Arlie"
"Armena","Arly"
"Armena","Arli"
"Augustus","Aggey"
"Augustus","Aggie"
"Augustus","Aggy"
"Augustus","Aggi"
"Azariah","Rilley"
"Azariah","Rillie"
"Azariah","Rilly"
"Azariah","Rilli"
"Bartholomew","Berrey"
"Bartholomew","Berrie"
"Bartholomew","Berry"
"Bartholomew","Berri"
"Bedelia","Trissey"
"Bedelia","Trissie"
"Bedelia","Trissy"
"Bedelia","Trissi"
"Benjamin","Benney"
"Benjamin","Bennie"
"Benjamin","Benny"
"Benjamin","Benni"
"Bertha","Benney"
"Bertha","Bennie"
"Bertha","Benny"
"Bertha","Benni"
"Beverly","Bridey"
"Beverly","Bridie"
"Beverly","Bridy"
"Beverly","Bridi"
"Brian","Bradley"
"Brian","Bradlie"
"Brian","Bradly"
"Brian","Bradli"
"Broderick","Bridey"
"Broderick","Bridie"
"Broderick","Bridy"
"Broderick","Bridi"
"Caleb","Brodey"
"Caleb","Brodie"
"Caleb","Brody"
"Caleb","Brodi"
"Camille","Ronney"
"Camille","Ronnie"
"Camille","Ronny"
"Camille","Ronni"
"Candace","Milley"
"Candace","Millie"
"Candace","Milly"
"Candace","Milli"
"Caroline","Dacey"
"Caroline","Dacie"
"Caroline","Dacy"
"Caroline","Daci"
"Cecilia","Kasey"
"Cecilia","Kasie"
"Cecilia","Kasy"
"Cecilia","Kasi"
"Cedrick","Cissey"
"Cedrick","Cissie"
"Cedrick","Cissy"
"Cedrick","Cissi"
"Celinda","Lessey"
"Celinda","Lessie"
"Celinda","Lessy"
"Celinda","Lessi"
"Charles","Lindey"
"Charles","Lindie"
"Charles","Lindy"
"Charles","Lindi"
"Chesley","Lettey"
"Chesley","Lettie"
"Chesley","Letty"
"Chesley","Letti"
"Christopher","Christey"
"Christopher","Christie"
"Christopher","Christy"
"Christopher","Christi"
"Conrad","Toney"
"Conrad","Tonie"
"Conrad","Tony"
"Conrad","Toni"
"Cordelia","Conney"
"Cordelia","Connie"
"Cordelia","Conny"
"Cordelia","Conni"
"Daphne","Danney"
"Daphne","Dannie"
"Daphne","Danny"
"Daphne","Danni"
"Darlene","Daphey"
"Darlene","Daphie"
"Darlene","Daphy"
"Darlene","Daphi"
"David","Darrey"
"David","Darrie"
"David","Darry"
"David","Darri"
"Deborah","Davey"
"Deborah","Davie"
"Deborah","Davy"
"Deborah","Davi"
"Delbert","Debbey"
"Delbert","Debbie"
"Delbert","Debby"
"Delbert","Debbi"
"Demerias","Dodey"
"Demerias","Dodie"
"Demerias","Dody"
"Demerias","Dodi"
"Dorothy","Donney"
"Dorothy","Donnie"
"Dorothy","Donny"
"Dorothy","Donni"
"Duane","Dolley"
"Duane","Dollie"
"Duane","Dolly"
"Duane","Dolli"
"Ebenezer","Erney"
"Ebenezer","Ernie"
"Ebenezer","Erny"
"Ebenezer","Erni"
"Edith","Ebbey"
"Edith","Ebbie"
"Edith","Ebby"
"Edith","Ebbi"
"Edmund","Dicey"
"Edmund","Dicie"
"Edmund","Dicy"
"Edmund","Dici"
"Eleanor","Lainey"
"Eleanor","Lainie"
"Eleanor","Lainy"
"Eleanor","Laini"
"Elijah","Eley"
"Elijah","Elie"
"Elijah","Ely"
"Elijah","Eli"
"Elizabeth","Falley"
"Elizabeth","Fallie"
"Elizabeth","Fally"
"Elizabeth","Falli"
"Emanuel","Elley"
"Emanuel","Ellie"
"Emanuel","Elly"
"Emanuel","Elli"
"Eric","Emmey"
"Eric","Emmie"
"Eric","Emmy"
"Eric","Emmi"
"Eugenia","Dossey"
"Eugenia","Dossie"
"Eugenia","Dossy"
"Eugenia","Dossi"
"Francis","Fanney"
"Francis","Fannie"
"Francis","Fanny"
"Francis","Fanni"
"Frederica","Frankey"
"Frederica","Frankie"
"Frederica","Franky"
"Frederica","Franki"
"Frederick","Freddey"
"Frederick","Freddie"
"Frederick","Freddy"
"Frederick","Freddi"
"Gabriel","Freddey"
"Gabriel","Freddie"
"Gabriel","Freddy"
"Gabriel","Freddi"
"Gabrielle","Gabbey"
"Gabrielle","Gabbie"
"Gabrielle","Gabby"
"Gabrielle","Gabbi"
"Georgia","Jenney"
"Georgia","Jennie"
"Georgia","Jenny"
"Georgia","Jenni"
"Geraldine","Gerrey"
"Geraldine","Gerrie"
"Geraldine","Gerry"
"Geraldine","Gerri"
"Gertrude","Jerrey"
"Gertrude","Jerrie"
"Gertrude","Jerry"
"Gertrude","Jerri"
"Gilbert","Trudey"
"Gilbert","Trudie"
"Gilbert","Trudy"
"Gilbert","Trudi"
"Helena","Harrey"
"Helena","Harrie"
"Helena","Harry"
"Helena","Harri"
"Henry","Hettey"
"Henry","Hettie"
"Henry","Hetty"
"Henry","Hetti"
"Hezekiah","Hessey"
"Hezekiah","Hessie"
"Hezekiah","Hessy"
"Hezekiah","Hessi"
"Hosea","Horrey"
"Hosea","Horrie"
"Hosea","Horry"
"Hosea","Horri"
"Howard","Hosey"
"Howard","Hosie"
"Howard","Hosy"
"Howard","Hosi"
"Hubert","Howey"
"Hubert","Howie"
"Hubert","Howy"
"Hubert","Howi"
"Iona","Indey"
"Iona","Indie"
"Iona","Indy"
"Iona","Indi"
"Irene","Onney"
"Irene","Onnie"
"Irene","Onny"
"Irene","Onni"
"Jacob","Issey"
"Jacob","Issie"
"Jacob","Issy"
"Jacob","Issi"
"Jane","Jamey"
"Jane","Jamie"
"Jane","Jamy"
"Jane","Jami"
"Jehu","Jeffrey"
"Jehu","Jeffrie"
"Jehu","Jeffry"
"Jehu","Jeffri"
"Jeremiah","Mimey"
"Jeremiah","Mimie"
"Jeremiah","Mimy"
"Jeremiah","Mimi"
"Judah","Nettey"
"Judah","Nettie"
"Judah","Netty"
"Judah","Netti"
"Judson","Judey"
"Judson","Judie"
"Judson","Judy"
"Judson","Judi"
"Julia","Sonney"
"Julia","Sonnie"
"Julia","Sonny"
"Julia","Sonni"
"Katherine","Happey"
"Katherine","Happie"
"Katherine","Happy"
"Katherine","Happi"
"Kendra","Cathey"
"Kendra","Cathie"
"Kendra","Cathy"
"Kendra","Cathi"
"Kenneth","Kenjey"
"Kenneth","Kenjie"
"Kenneth","Kenjy"
"Kenneth","Kenji"
"Keziah","Kenney"
"Keziah","Kennie"
"Keziah","Kenny"
"Keziah","Kenni"
"Lauryn","Leffey"
"Lauryn","Leffie"
"Lauryn","Leffy"
"Lauryn","Leffi"
"Lavinia","Lorrey"
"Lavinia","Lorrie"
"Lavinia","Lorry"
"Lavinia","Lorri"
"Lillian","Libbey"
"Lillian","Libbie"
"Lillian","Libby"
"Lillian","Libbi"
"Linda","Liley"
"Linda","Lilie"
"Linda","Lily"
"Linda","Lili"
"Lois","Lindey"
"Lois","Lindie"
"Lois","Lindy"
"Lois","Lindi"
"Luann","Lottey"
"Luann","Lottie"
"Luann","Lotty"
"Luann","Lotti"
"Lucias","Lucey"
"Lucias","Lucie"
"Lucias","Lucy"
"Lucias","Luci"
"Lucretia","Lucey"
"Lucretia","Lucie"
"Lucretia","Lucy"
"Lucretia","Luci"
"Madeline","Lyndey"
"Madeline","Lyndie"
"Madeline","Lyndy"
"Madeline","Lyndi"
"Margaret","Manney"
"Margaret","Mannie"
"Margaret","Manny"
"Margaret","Manni"
"Marvin","Martey"
"Marvin","Martie"
"Marvin","Marty"
"Marvin","Marti"
"Maurice","Reeney"
"Maurice","Reenie"
"Maurice","Reeny"
"Maurice","Reeni"
"Melinda","Mittey"
"Melinda","Mittie"
"Melinda","Mitty"
"Melinda","Mitti"
"Melissa","Lindey"
"Melissa","Lindie"
"Melissa","Lindy"
"Melissa","Lindi"
"Minerva","Milley"
"Minerva","Millie"
"Minerva","Milly"
"Minerva","Milli"
"Miranda","Minney"
"Miranda","Minnie"
"Miranda","Minny"
"Miranda","Minni"
"Mitzi","Mitzey"
"Mitzi","Mitzie"
"Mitzi","Mitzy"
"Mitzi","Mitzi"
"Moses","Marey"
"Moses","Marie"
"Moses","Mary"
"Moses","Mari"
"Natalie","Poney"
"Natalie","Ponie"
"Natalie","Pony"
"Natalie","Poni"
"Nathaniel","Nattey"
"Nathaniel","Nattie"
"Nathaniel","Natty"
"Nathaniel","Natti"
"Nicholas","Nattey"
"Nicholas","Nattie"
"Nicholas","Natty"
"Nicholas","Natti"
"Noel","Nickey"
"Noel","Nickie"
"Noel","Nicky"
"Noel","Nicki"
"Obadiah","Norbey"
"Obadiah","Norbie"
"Obadiah","Norby"
"Obadiah","Norbi"
"Octavia","Obey"
"Octavia","Obie"
"Octavia","Oby"
"Octavia","Obi"
"Patricia","Pheney"
"Patricia","Phenie"
"Patricia","Pheny"
"Patricia","Pheni"
"Patrick","Pattey"
"Patrick","Pattie"
"Patrick","Patty"
"Patrick","Patti"
"Peter","Polley"
"Peter","Pollie"
"Peter","Polly"
"Peter","Polli"
"Priscilla","Scottey"
"Priscilla","Scottie"
"Priscilla","Scotty"
"Priscilla","Scotti"
"Raphael","Randey"
"Raphael","Randie"
"Raphael","Randy"
"Raphael","Randi"
"Reuben","Leafey"
"Reuben","Leafie"
"Reuben","Leafy"
"Reuben","Leafi"
"Rhodella","Rubey"
"Rhodella","Rubie"
"Rhodella","Ruby"
"Rhodella","Rubi"
"Rodney","Bobbey"
"Rodney","Bobbie"
"Rodney","Bobby"
"Rodney","Bobbi"
"Roger","Roddey"
"Roger","Roddie"
"Roger","Roddy"
"Roger","Roddi"
"Rosabella","Ronney"
"Rosabella","Ronnie"
"Rosabella","Ronny"
"Rosabella","Ronni"
"Sabrina","Rustey"
"Sabrina","Rustie"
"Sabrina","Rusty"
"Sabrina","Rusti"
"Selina","Sadey"
"Selina","Sadie"
"Selina","Sady"
"Selina","Sadi"
"Sharon","Morrey"
"Sharon","Morrie"
"Sharon","Morry"
"Sharon","Morri"
"Sheridan","Toney"
"Sheridan","Tonie"
"Sheridan","Tony"
"Sheridan","Toni"
"Shirley","Danney"
"Shirley","Dannie"
"Shirley","Danny"
"Shirley","Danni"
"Sibbilla","Sherrey"
"Sibbilla","Sherrie"
"Sibbilla","Sherry"
"Sibbilla","Sherri"
"Solomon","Smittey"
"Solomon","Smittie"
"Solomon","Smitty"
"Solomon","Smitti"
"Sullivan","Mittey"
"Sullivan","Mittie"
"Sullivan","Mitty"
"Sullivan","Mitti"
"Tasha","Tammey"
"Tasha","Tammie"
"Tasha","Tammy"
"Tasha","Tammi"
"Thaddeus","Terrey"
"Thaddeus","Terrie"
"Thaddeus","Terry"
"Thaddeus","Terri"
"Thomas","Terrey"
"Thomas","Terrie"
"Thomas","Terry"
"Thomas","Terri"
"Tipton","Timmey"
"Tipton","Timmie"
"Tipton","Timmy"
"Tipton","Timmi"
"Tobias","Tippey"
"Tobias","Tippie"
"Tobias","Tippy"
"Tobias","Tippi"
"Uriah","Phoeney"
"Uriah","Phoenie"
"Uriah","Phoeny"
"Uriah","Phoeni"
"Vanessa","Valerey"
"Vanessa","Valerie"
"Vanessa","Valery"
"Vanessa","Valeri"
"Victor","Ronney"
"Victor","Ronnie"
"Victor","Ronny"
"Victor","Ronni"
"Vincent","Torey"
"Vincent","Torie"
"Vincent","Tory"
"Vincent","Tori"
"Vivian","Ginney"
"Vivian","Ginnie"
"Vivian","Ginny"
"Vivian","Ginni"
"Wilfred","Willey"
"Wilfred","Willie"
"Wilfred","Willy"
"Wilfred","Willi"
"Wilhelmina","Willey"
"Wilhelmina","Willie"
"Wilhelmina","Willy"
"Wilhelmina","Willi"
"William","Minney"
"William","Minnie"
"William","Minny"
"William","Minni"
"Winton","Winney"
"Winton","Winnie"
"Winton","Winny"
"Winton","Winni"
"Zadock","Zacharey"
"Zadock","Zacharie"
"Zadock","Zachary"
"Zadock","Zachari"
"Abel","Ronney"
"Abel","Ronnie"
"Abel","Ronny"
"Abel","Ronni"
"Adaline","Abbey"
"Adaline","Abbie"
"Adaline","Abby"
"Adaline","Abbi"
"Adelaide","Edey"
"Adelaide","Edie"
"Adelaide","Edy"
"Adelaide","Edi"
"Agnes","Aggey"
"Agnes","Aggie"
"Agnes","Aggy"
"Agnes","Aggi"
"Aleva","Alley"
"Aleva","Allie"
"Aleva","Ally"
"Aleva","Alli"
"Alexander","Levey"
"Alexander","Levie"
"Alexander","Levy"
"Alexander","Levi"
"Alfreda","Alfey"
"Alfreda","Alfie"
"Alfreda","Alfy"
"Alfreda","Alfi"
"Alice","Freddey"
"Alice","Freddie"
"Alice","Freddy"
"Alice","Freddi"
"Amelia","Mandey"
"Amelia","Mandie"
"Amelia","Mandy"
"Amelia","Mandi"
"Aphrodite","Toney"
"Aphrodite","Tonie"
"Aphrodite","Tony"
"Aphrodite","Toni"
"Augusta","Nattey"
"Augusta","Nattie"
"Augusta","Natty"
"Augusta","Natti"
"Augustus","Augey"
"Augustus","Augie"
"Augustus","Augy"
"Augustus","Augi"
"Aurelia","Gatsey"
"Aurelia","Gatsie"
"Aurelia","Gatsy"
"Aurelia","Gatsi"
"Barnabas","Barbey"
"Barnabas","Barbie"
"Barnabas","Barby"
"Barnabas","Barbi"
"Barry","Berney"
"Barry","Bernie"
"Barry","Berny"
"Barry","Berni"
"Bedelia","Trixey"
"Bedelia","Trixie"
"Bedelia","Trixy"
"Bedelia","Trixi"
"Bertha","Jamey"
"Bertha","Jamie"
"Bertha","Jamy"
"Bertha","Jami"
"Calvin","Brey"
"Calvin","Brie"
"Calvin","Bry"
"Calvin","Bri"
"Cameron","Vinney"
"Cameron","Vinnie"
"Cameron","Vinny"
"Cameron","Vinni"
"Casey","Carrey"
"Casey","Carrie"
"Casey","Carry"
"Casey","Carri"
"Cedrick","Ceciley"
"Cedrick","Cecilie"
"Cedrick","Cecily"
"Cedrick","Cecili"
"Celinda","Rickey"
"Celinda","Rickie"
"Celinda","Ricky"
"Celinda","Ricki"
"Cornelius","Nelley"
"Cornelius","Nellie"
"Cornelius","Nelly"
"Cornelius","Nelli"
"Curtis","Conney"
"Curtis","Connie"
"Curtis","Conny"
"Curtis","Conni"
"Desiree","Richey"
"Desiree","Richie"
"Desiree","Richy"
"Desiree","Richi"
"Diana","Desrey"
"Diana","Desrie"
"Diana","Desry"
"Diana","Desri"
"Edmund","Edey"
"Edmund","Edie"
"Edmund","Edy"
"Edmund","Edi"
"Elmira","Bettey"
"Elmira","Bettie"
"Elmira","Betty"
"Elmira","Betti"
"Elsie","Elley"
"Elsie","Ellie"
"Elsie","Elly"
"Elsie","Elli"
"Emanuel","Woodey"
"Emanuel","Woodie"
"Emanuel","Woody"
"Emanuel","Woodi"
"Estella","Rickey"
"Estella","Rickie"
"Estella","Ricky"
"Estella","Ricki"
"Evaline","Geney"
"Evaline","Genie"
"Evaline","Geny"
"Evaline","Geni"
"Frances","Flossey"
"Frances","Flossie"
"Frances","Flossy"
"Frances","Flossi"
"Gertrude","Deanney"
"Gertrude","Deannie"
"Gertrude","Deanny"
"Gertrude","Deanni"
"Harold","Nanney"
"Harold","Nannie"
"Harold","Nanny"
"Harold","Nanni"
"Henry","Nettey"
"Henry","Nettie"
"Henry","Netty"
"Henry","Netti"
"Hezekiah","Hettey"
"Hezekiah","Hettie"
"Hezekiah","Hetty"
"Hezekiah","Hetti"
"Honora","Hiley"
"Honora","Hilie"
"Honora","Hily"
"Honora","Hili"
"Isaac","Renney"
"Isaac","Rennie"
"Isaac","Renny"
"Isaac","Renni"
"Jedediah","Janey"
"Jedediah","Janie"
"Jedediah","Jany"
"Jedediah","Jani"
"Jehu","Geoffrey"
"Jehu","Geoffrie"
"Jehu","Geoffry"
"Jehu","Geoffri"
"Joanna","Jessey"
"Joanna","Jessie"
"Joanna","Jessy"
"Joanna","Jessi"
"Julias","Juley"
"Julias","Julie"
"Julias","July"
"Julias","Juli"
"Katherine","Juney"
"Katherine","Junie"
"Katherine","Juny"
"Katherine","Juni"
"Lafayette","Kingsley"
"Lafayette","Kingslie"
"Lafayette","Kingsly"
"Lafayette","Kingsli"
"Lavinia","Laffey"
"Lavinia","Laffie"
"Lavinia","Laffy"
"Lavinia","Laffi"
"Leonard","Lawrey"
"Leonard","Lawrie"
"Leonard","Lawry"
"Leonard","Lawri"
"Linda","Lilley"
"Linda","Lillie"
"Linda","Lilly"
"Linda","Lilli"
"Lotta","Lorrey"
"Lotta","Lorrie"
"Lotta","Lorry"
"Lotta","Lorri"
"Lucille","Cindey"
"Lucille","Cindie"
"Lucille","Cindy"
"Lucille","Cindi"
"Lucinda","Lucey"
"Lucinda","Lucie"
"Lucinda","Lucy"
"Lucinda","Luci"
"Madeline","Lindey"
"Madeline","Lindie"
"Madeline","Lindy"
"Madeline","Lindi"
"Magdelina","Maggey"
"Magdelina","Maggie"
"Magdelina","Maggy"
"Magdelina","Maggi"
"Manerva","Malachey"
"Manerva","Malachie"
"Manerva","Malachy"
"Manerva","Malachi"
"Margaret","Nervey"
"Margaret","Nervie"
"Margaret","Nervy"
"Margaret","Nervi"
"Marianna","Maggey"
"Marianna","Maggie"
"Marianna","Maggy"
"Marianna","Maggi"
"Maryanne","Mamey"
"Maryanne","Mamie"
"Maryanne","Mamy"
"Maryanne","Mami"
"Matilda","Marey"
"Matilda","Marie"
"Matilda","Mary"
"Matilda","Mari"
"Matthew","Pattey"
"Matthew","Pattie"
"Matthew","Patty"
"Matthew","Patti"
"Mehitabel","Mossey"
"Mehitabel","Mossie"
"Mehitabel","Mossy"
"Mehitabel","Mossi"
"Melinda","Hittey"
"Melinda","Hittie"
"Melinda","Hitty"
"Melinda","Hitti"
"Michael","Milley"
"Michael","Millie"
"Michael","Milly"
"Michael","Milli"
"Minerva","Mimey"
"Minerva","Mimie"
"Minerva","Mimy"
"Minerva","Mimi"
"Miriam","Randey"
"Miriam","Randie"
"Miriam","Randy"
"Miriam","Randi"
"Moses","Mimey"
"Moses","Mimie"
"Moses","Mimy"
"Moses","Mimi"
"Nancy","Myrtey"
"Nancy","Myrtie"
"Nancy","Myrty"
"Nancy","Myrti"
"Natalie","Nappey"
"Natalie","Nappie"
"Natalie","Nappy"
"Natalie","Nappi"
"Nathaniel","Talley"
"Nathaniel","Tallie"
"Nathaniel","Tally"
"Nathaniel","Talli"
"Olivia","Beedey"
"Olivia","Beedie"
"Olivia","Beedy"
"Olivia","Beedi"
"Oswald","Olley"
"Oswald","Ollie"
"Oswald","Olly"
"Oswald","Olli"
"Parthenia","Ozzey"
"Parthenia","Ozzie"
"Parthenia","Ozzy"
"Parthenia","Ozzi"
"Patricia","Pattey"
"Patricia","Pattie"
"Patricia","Patty"
"Patricia","Patti"
"Paulina","Patsey"
"Paulina","Patsie"
"Paulina","Patsy"
"Paulina","Patsi"
"Prudence","Prissey"
"Prudence","Prissie"
"Prudence","Prissy"
"Prudence","Prissi"
"Reginald","Reggey"
"Reginald","Reggie"
"Reginald","Reggy"
"Reginald","Reggi"
"Roger","Robbey"
"Roger","Robbie"
"Roger","Robby"
"Roger","Robbi"
"Ronald","Lanney"
"Ronald","Lannie"
"Ronald","Lanny"
"Ronald","Lanni"
"Samuel","Reeney"
"Samuel","Reenie"
"Samuel","Reeny"
"Samuel","Reeni"
"Sarah","Sammey"
"Sarah","Sammie"
"Sarah","Sammy"
"Sarah","Sammi"
"Shaun","Sharrey"
"Shaun","Sharrie"
"Shaun","Sharry"
"Shaun","Sharri"
"Sidney","Sibbey"
"Sidney","Sibbie"
"Sidney","Sibby"
"Sidney","Sibbi"
"Simeon","Sydney"
"Simeon","Sydnie"
"Simeon","Sydny"
"Simeon","Sydni"
"Stephen","Froney"
"Stephen","Fronie"
"Stephen","Frony"
"Stephen","Froni"
"Tamara","Sley"
"Tamara","Slie"
"Tamara","Sly"
"Tamara","Sli"
"Theodore","Tashey"
"Theodore","Tashie"
"Theodore","Tashy"
"Theodore","Tashi"
"Tobias","Tipsey"
"Tobias","Tipsie"
"Tobias","Tipsy"
"Tobias","Tipsi"
"Tryphena","Tobey"
"Tryphena","Tobie"
"Tryphena","Toby"
"Tryphena","Tobi"
"Valentina","Pheney"
"Valentina","Phenie"
"Valentina","Pheny"
"Valentina","Pheni"
"Veronica","Vanney"
"Veronica","Vannie"
"Veronica","Vanny"
"Veronica","Vanni"
"Vincent","Vickey"
"Vincent","Vickie"
"Vincent","Vicky"
"Vincent","Vicki"
"Violet","Vinney"
"Violet","Vinnie"
"Violet","Vinny"
"Violet","Vinni"
"William","Willey"
"William","Willie"
"William","Willy"
"William","Willi"
"Winfield","Willey"
"Winfield","Willie"
"Winfield","Willy"
"Winfield","Willi"
"Winifred","Winney"
"Winifred","Winnie"
"Winifred","Winny"
"Winifred","Winni"
"Yulan","Woodey"
"Yulan","Woodie"
"Yulan","Woody"
"Yulan","Woodi"
"Aaron","Zelphey"
"Aaron","Zelphie"
"Aaron","Zelphy"
"Aaron","Zelphi"
"Abijah","Nabbey"
"Abijah","Nabbie"
"Abijah","Nabby"
"Abijah","Nabbi"
"Agatha","Philley"
"Agatha","Phillie"
"Agatha","Philly"
"Agatha","Philli"
"Aileen","Nancey"
"Aileen","Nancie"
"Aileen","Nancy"
"Aileen","Nanci"
"Alexandria","Sandey"
"Alexandria","Sandie"
"Alexandria","Sandy"
"Alexandria","Sandi"
"Alonzo","Elsey"
"Alonzo","Elsie"
"Alonzo","Elsy"
"Alonzo","Elsi"
"Anna","Angey"
"Anna","Angie"
"Anna","Angy"
"Anna","Angi"
"Antoinette","Anney"
"Antoinette","Annie"
"Antoinette","Anny"
"Antoinette","Anni"
"Augustus","Gusey"
"Augustus","Gusie"
"Augustus","Gusy"
"Augustus","Gusi"
"Aurelia","Gatsbey"
"Aurelia","Gatsbie"
"Aurelia","Gatsby"
"Aurelia","Gatsbi"
"Azariah","Rilley"
"Azariah","Rillie"
"Azariah","Rilly"
"Azariah","Rilli"
"Barry","Bobbey"
"Barry","Bobbie"
"Barry","Bobby"
"Barry","Bobbi"
"Cecilia","Cassey"
"Cecilia","Cassie"
"Cecilia","Cassy"
"Cecilia","Cassi"
"Charlotte","Charley"
"Charlotte","Charlie"
"Charlotte","Charly"
"Charlotte","Charli"
"Christiana","Lottey"
"Christiana","Lottie"
"Christiana","Lotty"
"Christiana","Lotti"
"Diana","Desirey"
"Diana","Desirie"
"Diana","Desiry"
"Diana","Desiri"
"Dorothy","Dicey"
"Dorothy","Dicie"
"Dorothy","Dicy"
"Dorothy","Dici"
"Eugenia","Milley"
"Eugenia","Millie"
"Eugenia","Milly"
"Eugenia","Milli"
"Evelyn","Jenney"
"Evelyn","Jennie"
"Evelyn","Jenny"
"Evelyn","Jenni"
"Gilbert","Gerey"
"Gilbert","Gerie"
"Gilbert","Gery"
"Gilbert","Geri"
"Hepsabah","Harrey"
"Hepsabah","Harrie"
"Hepsabah","Harry"
"Hepsabah","Harri"
"Honora","Essey"
"Honora","Essie"
"Honora","Essy"
"Honora","Essi"
"Hubert","Norrey"
"Hubert","Norrie"
"Hubert","Norry"
"Hubert","Norri"
"Isabella","Reeney"
"Isabella","Reenie"
"Isabella","Reeny"
"Isabella","Reeni"
"Jefferson","Jessey"
"Jefferson","Jessie"
"Jefferson","Jessy"
"Jefferson","Jessi"
"John","Jodey"
"John","Jodie"
"John","Jody"
"John","Jodi"
"Josephine","Jodey"
"Josephine","Jodie"
"Josephine","Jody"
"Josephine","Jodi"
"Julia","Josey"
"Julia","Josie"
"Julia","Josy"
"Julia","Josi"
"Kenneth","Kitsey"
"Kenneth","Kitsie"
"Kenneth","Kitsy"
"Kenneth","Kitsi"
"Lavinia","Kimmey"
"Lavinia","Kimmie"
"Lavinia","Kimmy"
"Lavinia","Kimmi"
"Leonora","Lenney"
"Leonora","Lennie"
"Leonora","Lenny"
"Leonora","Lenni"
"Linda","Lolley"
"Linda","Lollie"
"Linda","Lolly"
"Linda","Lolli"
"Loretta","Lyndey"
"Loretta","Lyndie"
"Loretta","Lyndy"
"Loretta","Lyndi"
"Marianna","Maisey"
"Marianna","Maisie"
"Marianna","Maisy"
"Marianna","Maisi"
"Martha","Marey"
"Martha","Marie"
"Martha","Mary"
"Martha","Mari"
"Mary","Mattey"
"Mary","Mattie"
"Mary","Matty"
"Mary","Matti"
"Matthew","Tilley"
"Matthew","Tillie"
"Matthew","Tilly"
"Matthew","Tilli"
"Mehitabel","Morey"
"Mehitabel","Morie"
"Mehitabel","Mory"
"Mehitabel","Mori"
"Melissa","Mindey"
"Melissa","Mindie"
"Melissa","Mindy"
"Melissa","Mindi"
"Michael","Missey"
"Michael","Missie"
"Michael","Missy"
"Michael","Missi"
"Moses","Nervey"
"Moses","Nervie"
"Moses","Nervy"
"Moses","Nervi"
"Parthenia","Nolley"
"Parthenia","Nollie"
"Parthenia","Nolly"
"Parthenia","Nolli"
"Patricia","Theney"
"Patricia","Thenie"
"Patricia","Theny"
"Patricia","Theni"
"Patrick","Trixey"
"Patrick","Trixie"
"Patrick","Trixy"
"Patrick","Trixi"
"Prudence","Cissey"
"Prudence","Cissie"
"Prudence","Cissy"
"Prudence","Cissi"
"Rebecca","Shelley"
"Rebecca","Shellie"
"Rebecca","Shelly"
"Rebecca","Shelli"
"Robert","Richey"
"Robert","Richie"
"Robert","Richy"
"Robert","Richi"
"Roberta","Bobbey"
"Roberta","Bobbie"
"Roberta","Bobby"
"Roberta","Bobbi"
"Roger","Bertey"
"Roger","Bertie"
"Roger","Berty"
"Roger","Berti"
"Sharon","Salley"
"Sharon","Sallie"
"Sharon","Sally"
"Sharon","Salli"
"Sophronia","Solley"
"Sophronia","Sollie"
"Sophronia","Solly"
"Sophronia","Solli"
"Susannah","Sophey"
"Susannah","Sophie"
"Susannah","Sophy"
"Susannah","Sophi"
"Sylvester","Susey"
"Sylvester","Susie"
"Sylvester","Susy"
"Sylvester","Susi"
"Thomas","Tessey"
"Thomas","Tessie"
"Thomas","Tessy"
"Thomas","Tessi"
"Tobias","Tommey"
"Tobias","Tommie"
"Tobias","Tommy"
"Tobias","Tommi"
"Vincent","Vonney"
"Vincent","Vonnie"
"Vincent","Vonny"
"Vincent","Vonni"
"Wilber","Jenney"
"Wilber","Jennie"
"Wilber","Jenny"
"Wilber","Jenni"
"Winifred","Billey"
"Winifred","Billie"
"Winifred","Billy"
"Winifred","Billi"
"Zadock","Zachey"
"Zadock","Zachie"
"Zadock","Zachy"
"Zadock","Zachi"
"Abigail","Ebbey"
"Abigail","Ebbie"
"Abigail","Ebby"
"Abigail","Ebbi"
"Adelaide","Addey"
"Adelaide","Addie"
"Adelaide","Addy"
"Adelaide","Addi"
"Alberta","Nessey"
"Alberta","Nessie"
"Alberta","Nessy"
"Alberta","Nessi"
"Alexander","Bertey"
"Alexander","Bertie"
"Alexander","Berty"
"Alexander","Berti"
"Alice","Freddey"
"Alice","Freddie"
"Alice","Freddy"
"Alice","Freddi"
"Amelia","Alley"
"Amelia","Allie"
"Amelia","Ally"
"Amelia","Alli"
"Angela","Milley"
"Angela","Millie"
"Angela","Milly"
"Angela","Milli"
"Augustus","Gussey"
"Augustus","Gussie"
"Augustus","Gussy"
"Augustus","Gussi"
"Barbara","Gussey"
"Barbara","Gussie"
"Barbara","Gussy"
"Barbara","Gussi"
"Caroline","Bridgey"
"Caroline","Bridgie"
"Caroline","Bridgy"
"Caroline","Bridgi"
"Charles","Ceceley"
"Charles","Cecelie"
"Charles","Cecely"
"Charles","Ceceli"
"Cornelius","Cissey"
"Cornelius","Cissie"
"Cornelius","Cissy"
"Cornelius","Cissi"
"Dorothy","Lolley"
"Dorothy","Lollie"
"Dorothy","Lolly"
"Dorothy","Lolli"
"Edith","Dottey"
"Edith","Dottie"
"Edith","Dotty"
"Edith","Dotti"
"Edward","Edney"
"Edward","Ednie"
"Edward","Edny"
"Edward","Edni"
"Francis","Cissey"
"Francis","Cissie"
"Francis","Cissy"
"Francis","Cissi"
"Henry","Ettey"
"Henry","Ettie"
"Henry","Etty"
"Henry","Etti"
"Jacob","Issey"
"Jacob","Issie"
"Jacob","Issy"
"Jacob","Issi"
"Jennifer","Jenney"
"Jennifer","Jennie"
"Jennifer","Jenny"
"Jennifer","Jenni"
"Kenneth","Kittey"
"Kenneth","Kittie"
"Kenneth","Kitty"
"Kenneth","Kitti"
"Leonard","Lorrey"
"Leonard","Lorrie"
"Leonard","Lorry"
"Leonard","Lorri"
"Margaret","Middey"
"Margaret","Middie"
"Margaret","Middy"
"Margaret","Middi"
"Mary","Patsey"
"Mary","Patsie"
"Mary","Patsy"
"Mary","Patsi"
"Mehitabel","Mattey"
"Mehitabel","Mattie"
"Mehitabel","Matty"
"Mehitabel","Matti"
"Olivia","Obey"
"Olivia","Obie"
"Olivia","Oby"
"Olivia","Obi"
"Patience","Livey"
"Patience","Livie"
"Patience","Livy"
"Patience","Livi"
"Richard","Renney"
"Richard","Rennie"
"Richard","Renny"
"Richard","Renni"
"Roger","Birdey"
"Roger","Birdie"
"Roger","Birdy"
"Roger","Birdi"
"Rosalyn","Rolley"
"Rosalyn","Rollie"
"Rosalyn","Rolly"
"Rosalyn","Rolli"
"Shaun","Sharey"
"Shaun","Sharie"
"Shaun","Shary"
"Shaun","Shari"
"Susannah","Zolley"
"Susannah","Zollie"
"Susannah","Zolly"
"Susannah","Zolli"
"Virginia","Froney"
"Virginia","Fronie"
"Virginia","Frony"
"Virginia","Froni"
"William","Jiney"
"William","Jinie"
"William","Jiny"
"William","Jini"
"Angela","Molley"
"Angela","Mollie"
"Angela","Molly"
"Angela","Molli"
"Augusta","Arrey"
"Augusta","Arrie"
"Augusta","Arry"
"Augusta","Arri"
"Broderick","Babbey"
"Broderick","Babbie"
"Broderick","Babby"
"Broderick","Babbi"
"Christiana","Sherrey"
"Christiana","Sherrie"
"Christiana","Sherry"
"Christiana","Sherri"
"Eleanor","Eddey"
"Eleanor","Eddie"
"Eleanor","Eddy"
"Eleanor","Eddi"
"Emeline","Elsey"
"Emeline","Elsie"
"Emeline","Elsy"
"Emeline","Elsi"
"Jane","Jimmey"
"Jane","Jimmie"
"Jane","Jimmy"
"Jane","Jimmi"
"John","Noney"
"John","Nonie"
"John","Nony"
"John","Noni"
"Josiah","Jodey"
"Josiah","Jodie"
"Josiah","Jody"
"Josiah","Jodi"
"Lawrence","Vinney"
"Lawrence","Vinnie"
"Lawrence","Vinny"
"Lawrence","Vinni"
"Leonard","Lonney"
"Leonard","Lonnie"
"Leonard","Lonny"
"Leonard","Lonni"
"Mary","Pattey"
"Mary","Pattie"
"Mary","Patty"
"Mary","Patti"
"Matilda","Anney"
"Matilda","Annie"
"Matilda","Anny"
"Matilda","Anni"
"Nancy","Melley"
"Nancy","Mellie"
"Nancy","Melly"
"Nancy","Melli"
"Nathaniel","Nanney"
"Nathaniel","Nannie"
"Nathaniel","Nanny"
"Nathaniel","Nanni"
"Patricia","Fannney"
"Patricia","Fannnie"
"Patricia","Fannny"
"Patricia","Fannni"
"Sarah","Rudey"
"Sarah","Rudie"
"Sarah","Rudy"
"Sarah","Rudi"
"Sharon","Surrey"
"Sharon","Surrie"
"Sharon","Surry"
"Sharon","Surri"
"Solomon","Sherey"
"Solomon","Sherie"
"Solomon","Shery"
"Solomon","Sheri"
"Sylvester","Suchey"
"Sylvester","Suchie"
"Sylvester","Suchy"
"Sylvester","Suchi"
"Theresa","Teddey"
"Theresa","Teddie"
"Theresa","Teddy"
"Theresa","Teddi"
"Veronica","Ticey"
"Veronica","Ticie"
"Veronica","Ticy"
"Veronica","Tici"
"William","Virgey"
"William","Virgie"
"William","Virgy"
"William","Virgi"
"Alice","Sandey"
"Alice","Sandie"
"Alice","Sandy"
"Alice","Sandi"
"Arabella","Nanney"
"Arabella","Nannie"
"Arabella","Nanny"
"Arabella","Nanni"
"Caroline","Barbarey"
"Caroline","Barbarie"
"Caroline","Barbary"
"Caroline","Barbari"
"Charles","Calley"
"Charles","Callie"
"Charles","Cally"
"Charles","Calli"
"Christiana","Lolley"
"Christiana","Lollie"
"Christiana","Lolly"
"Christiana","Lolli"
"Dorothy","Kerstey"
"Dorothy","Kerstie"
"Dorothy","Kersty"
"Dorothy","Kersti"
"Edmund","Dodey"
"Edmund","Dodie"
"Edmund","Dody"
"Edmund","Dodi"
"Eleanor","Teddey"
"Eleanor","Teddie"
"Eleanor","Teddy"
"Eleanor","Teddi"
"Elsie","Libbey"
"Elsie","Libbie"
"Elsie","Libby"
"Elsie","Libbi"
"Lavinia","Katey"
"Lavinia","Katie"
"Lavinia","Katy"
"Lavinia","Kati"
"Luann","Lydey"
"Luann","Lydie"
"Luann","Lydy"
"Luann","Lydi"
"Mary","Molley"
"Mary","Mollie"
"Mary","Molly"
"Mary","Molli"
"Robert","Rickey"
"Robert","Rickie"
"Robert","Ricky"
"Robert","Ricki"
"Selina","Sukey"
"Selina","Sukie"
"Selina","Suky"
"Selina","Suki"
"Theodosia","Vessey"
"Theodosia","Vessie"
"Theodosia","Vessy"
"Theodosia","Vessi"
"Veronica","Tracey"
"Veronica","Tracie"
"Veronica","Tracy"
"Veronica","Traci"
"Virginia","Vickey"
"Virginia","Vickie"
"Virginia","Vicky"
"Virginia","Vicki"
"Winfield","Wiley"
"Winfield","Wilie"
"Winfield","Wily"
"Winfield","Wili"
"Adelphia","Heidey"
"Adelphia","Heidie"
"Adelphia","Heidy"
"Adelphia","Heidi"
"Amelia","Aley"
"Amelia","Alie"
"Amelia","Aly"
"Amelia","Ali"
"Anna","Melley"
"Anna","Mellie"
"Anna","Melly"
"Anna","Melli"
"Arabella","Nancey"
"Arabella","Nancie"
"Arabella","Nancy"
"Arabella","Nanci"
"Bedelia","Barberey"
"Bedelia","Barberie"
"Bedelia","Barbery"
"Bedelia","Barberi"
"Elizabeth","Nelley"
"Elizabeth","Nellie"
"Elizabeth","Nelly"
"Elizabeth","Nelli"
"Lavinia","Kathey"
"Lavinia","Kathie"
"Lavinia","Kathy"
"Lavinia","Kathi"
"Mehitabel","Mercey"
"Mehitabel","Mercie"
"Mehitabel","Mercy"
"Mehitabel","Merci"
"Sylvester","Sukey"
"Sylvester","Sukie"
"Sylvester","Suky"
"Sylvester","Suki"
"Tryphena","Trissey"
"Tryphena","Trissie"
"Tryphena","Trissy"
"Tryphena","Trissi"
"Wilber","Vergey"
"Wilber","Vergie"
"Wilber","Vergy"
"Wilber","Vergi"
"Amelia","Eley"
"Amelia","Elie"
"Amelia","Ely"
"Amelia","Eli"
"Hepsabah","Nelley"
"Hepsabah","Nellie"
"Hepsabah","Nelly"
"Hepsabah","Nelli"
"Jane","Tibbey"
"Jane","Tibbie"
"Jane","Tibby"
"Jane","Tibbi"
"Luann","Lyddey"
"Luann","Lyddie"
"Luann","Lyddy"
"Luann","Lyddi"
"Lousie","Anney"
"Lousie","Annie"
"Lousie","Anny"
"Lousie","Anni"
"Obadiah","Minney"
"Obadiah","Minnie"
"Obadiah","Minny"
"Obadiah","Minni"
"Sylvester","Suzey"
"Sylvester","Suzie"
"Sylvester","Suzy"
"Sylvester","Suzi"
"Elizabeth","Elley"
"Elizabeth","Ellie"
"Elizabeth","Elly"
"Elizabeth","Elli"
"Katherine","Jackey"
"Katherine","Jackie"
"Katherine","Jacky"
"Katherine","Jacki"
"Lousie","Liddey"
"Lousie","Liddie"
"Lousie","Liddy"
"Lousie","Liddi"
"Maryanne","Mitzey"
"Maryanne","Mitzie"
"Maryanne","Mitzy"
"Maryanne","Mitzi"
"Roger","Robbey"
"Roger","Robbie"
"Roger","Robby"
"Roger","Robbi"
"Alice","Cassey"
"Alice","Cassie"
"Alice","Cassy"
"Alice","Cassi"
"Christiana","Kerey"
"Christiana","Kerie"
"Christiana","Kery"
"Christiana","Keri"
"Clarissa","Kristey"
"Clarissa","Kristie"
"Clarissa","Kristy"
"Clarissa","Kristi"
"Emeline","Lizzey"
"Emeline","Lizzie"
"Emeline","Lizzy"
"Emeline","Lizzi"
"Genevieve","Emiley"
"Genevieve","Emilie"
"Genevieve","Emily"
"Genevieve","Emili"
"Joanna","Jincey"
"Joanna","Jincie"
"Joanna","Jincy"
"Joanna","Jinci"
"Katherine","Johnney"
"Katherine","Johnnie"
"Katherine","Johnny"
"Katherine","Johnni"
"Marianna","Peggey"
"Marianna","Peggie"
"Marianna","Peggy"
"Marianna","Peggi"
"Maryanne","Molley"
"Maryanne","Mollie"
"Maryanne","Molly"
"Maryanne","Molli"
"Christiana","Karey"
"Christiana","Karie"
"Christiana","Kary"
"Christiana","Kari"
"Jane","Nibbey"
"Jane","Nibbie"
"Jane","Nibby"
"Jane","Nibbi"
"John","Jinsey"
"John","Jinsie"
"John","Jinsy"
"John","Jinsi"
"Melinda","Polley"
"Melinda","Pollie"
"Melinda","Polly"
"Melinda","Polli"
"Helena","Bitsey"
"Helena","Bitsie"
"Helena","Bitsy"
"Helena","Bitsi"
"Katherine","Nettey"
"Katherine","Nettie"
"Katherine","Netty"
"Katherine","Netti"
"Rosalyn","Mimey"
"Rosalyn","Mimie"
"Rosalyn","Mimy"
"Rosalyn","Mimi"
"Emeline","Liddey"
"Emeline","Liddie"
"Emeline","Liddy"
"Emeline","Liddi"
"Linda","Cassey"
"Linda","Cassie"
"Linda","Cassy"
"Linda","Cassi"
"Mary","Margerey"
"Mary","Margerie"
"Mary","Margery"
"Mary","Margeri"
"Eleanor","Rosey"
"Eleanor","Rosie"
"Eleanor","Rosy"
"Eleanor","Rosi"
"Mary","Marjorey"
"Mary","Marjorie"
"Mary","Marjory"
"Mary","Marjori"
"Mary","Margey"
"Mary","Margie"
"Mary","Margy"
"Mary","Margi"
"Jane","Betsey"
"Jane","Betsie"
"Jane","Betsy"
"Jane","Betsi"
"Elizabeth","Roxey"
"Elizabeth","Roxie"
"Elizabeth","Roxy"
"Elizabeth","Roxi"
"Jane","Baisey"
"Jane","Baisie"
"Jane","Baisy"
"Jane","Baisi"
"Mary","Baissey"
"Mary","Baissie"
"Mary","Baissy"
"Mary","Baissi"
"Rosalyn","Marey"
"Rosalyn","Marie"
"Rosalyn","Mary"
"Rosalyn","Mari"
